Title,Artist,Duration,BPM,Release,PST Const,pst,pst Note Count,pst Chart Design,PRS Const,prs,prs Note Count,prs Chart Design,FTR Const,ftr,ftr Note Count,ftr Chart Design,BYD Const,byd,byd Note Count,byd Chart Design,ETR Const,etr,etr Note Count,etr Chart Design,Url
Testify,void (Mournfinale) feat. 星熊南巫,02:56,178,移动版v4.0.0(2022/07/07),7.8,7+,1001,Eternal¦PAST,9.4,9,1225,Adverse¦PRESENT,10.9,10+,1766,Black¦FUTURE,12.0,12,2221,Silent¦END,,,,,https://arcwiki.mcd.blue/Testify
Designant.,Designant,2:58,200,移动版v6.0.0(2024/11/21),7.5,7,1055,1st Command ≒ Legacy,9.6,9,1426,2nd Command ≒ Perfection,10.9,10+,1768,3rd Command ≒ Ascendance,11.9,11+,2184,Final Command. Infinity,,,,,https://arcwiki.mcd.blue/Designant.
Tempestissimo,t+pazolite,02:17,231,移动版v3.0.0(2020/05/27),7.0,7,919,Prelude - Ouverture,9.5,9,1034,Convergence - Intermezzo,10.7,10+,1254,Onslaught - Crescendo,11.7,11,1540,Finale - The Tempest,,,,,https://arcwiki.mcd.blue/Tempestissimo
Arcana Eden,Team Grimoire vs Sakuzyo vs Laur,03:00,211,移动版v4.0.0(2022/07/07),5.5,5,1097,Eye of the Storm,8.7,8+,1310,Eye of the Storm,10.5,10,1792,Eye of the Storm,11.6,11,2134,Eye of the Storm,,,,,https://arcwiki.mcd.blue/Arcana_Eden
Pentiment,Nothing But Requiem with Museo,02:43,200-222,移动版v4.0.0(2022/07/07),7.0,7,911,Paradox Blight,8.7,8+,1055,Paradox Blight,10.4,10,1345,Paradox Blight,11.5,11,1741,Paradox Blight,,,,,https://arcwiki.mcd.blue/Pentiment
Aether Crest: Astral,void (Mournfinale) × 水野健治,02:44,180,移动版v6.2.6(2025/2/26),6.0,6,921,Nitro,8.9,8+,1147,Empyrean,10.6,10,1508,M理論 《Quintessence》,,,,,11.5,11,1941,夜浪 × 絶滅「αἴθων」,https://arcwiki.mcd.blue/Aether_Crest:_Astral
Lament Rain,Ashrount vs. 打打だいず,02:45,200,移动版v6.0.0(2024/11/21),6.5,6,1025,⇆ Fixation,8.8,8+,1186,⇆ Sublimation,10.6,10,1380,⇆ Separation,11.4,11,1637,⇆ Projection,,,,,https://arcwiki.mcd.blue/Lament_Rain
Abstruse Dilemma,Ashrount vs. 打打だいず,02:41,216,移动版v4.7.0(2023/8/18),5.5,5,983,Remnant ⇐ Guilt,8.9,8+,1127,Remnant ⇒ Doubt,11.3,11,1467,Remnant ⇑⇓ Volition,,,空,,,,,,https://arcwiki.mcd.blue/Abstruse_Dilemma
Arghena,Feryquitous vs Laur,02:33,185,移动版v5.0.0(2023/09/27),7.5,7,883,"第一識 ""Reality""",9.6,9,1082,"第二識 ""Causality""",11.3,11,1444,"第三識 ""Pluriversality""",,,空,,,,,,https://arcwiki.mcd.blue/Arghena
ALTER EGO,Yuta Imai vs Qlarabelle,02:40,195,移动版v5.9.0(2024/07/30),6.5,6,865,Article V《Observation》,9.2,9,1213,Article VI《Hypothesis》,10.5,10,1466,Article VII《Analysis》,,,,,11.3,11,1644,Article 0x8《Enmity》,https://arcwiki.mcd.blue/ALTER_EGO
Aegleseeker,Silentroom vs Frums,02:27,234,移动版v3.6.0(2021/05/11),5.5,5,973,⟨RECORD START⟩ 0:,9.1,9,1235,"⟨OBSRV⟩ boundary(?°a,?°A)",11.2,11,1568,L₆ː The Void,,,空,,,,,,https://arcwiki.mcd.blue/Aegleseeker
Grievous Lady,Team Grimoire vs Laur,02:20,210,移动版v1.5.0(2017/11/03),6.5,6,956,迷路第一層,9.3,9,1194,迷路第二層,11.1,11,1450,迷路深層,,,空,,,,,,https://arcwiki.mcd.blue/Grievous_Lady
Fracture Ray,Sakuzyo,02:33,200,移动版v1.7.0(2018/07/16),6.0,6,983,Volatile Paradox,9.5,9,1343,Absolute Paradox,11.1,11,1279,Paradox Zero,,,空,,,,,,https://arcwiki.mcd.blue/Fracture_Ray
#1f1e33,かめりあ(EDP),02:43,181,移动版v3.0.0(2020/05/27),5.5,5,765,夜浪,9.2,9,1144,夜浪,11.1,11,1576,"夜浪 VS 東星 ""Convergence""",,,空,夜浪,,,,,https://arcwiki.mcd.blue/%EF%BC%831f1e33
World Ender,sasakure.UK × TJ.hangneil,02:38,190-280,移动版v4.0.0(2022/07/07),4.0,4,616,Imaginary Sky,7.8,7+,850,Imaginary Sky,10.0,10,1225,Imaginary Sky,11.1,11,1661,Imaginary Sky,,,,,https://arcwiki.mcd.blue/World_Ender
SAIKYO STRONGER,REDALiCE vs USAO,02:22,205,移动版v2.5.0(2020/01/21),5.5,5,654,最強FUMEN(夜浪 ft. 東星),9.4,9,1067,最強FUMEN(夜浪 ft. 東星),11.0,11,1384,最強FUMEN(夜浪 ft. 東星),,,空,最強FUMEN(夜浪 ft. 東星),,,,,https://arcwiki.mcd.blue/SAIKYO_STRONGER
LAMIA,BlackY,02:28,199,移动版v4.1.0(2022/10/04),5.0,5,826,夜浪,8.5,8,885,夜浪「ノブレス・オブリージュ」,11.0,11,1385,[漆黒の執行者] 夜浪,,,空,,,,,,https://arcwiki.mcd.blue/LAMIA
Misdeed -la bonté de Dieu et l'origine du mal-,光吉猛修 VS 穴山大輔,02:44,190,移动版v3.5.0(2021/1/21),5.5,5,814,神の啓示「人類の限界」,8.5,8,1070,神の啓示「人類の希望」,10.9,10+,1522,神の啓示「人類の未来」,,,空,,,,,,https://arcwiki.mcd.blue/Misdeed_-la_bont%C3%A9_de_Dieu_et_l%27origine_du_mal-
"Infinite Strife,",BlackYooh vs. siromaru,02:50,198,移动版v4.0.0(2022/07/07),4.0,4,888,Inner Labyrinth,7.5,7,1081,Inner Labyrinth,9.9,9+,1511,Inner Labyrinth,10.9,10+,1633,Inner Labyrinth,,,,,"https://arcwiki.mcd.blue/Infinite_Strife,"
TEmPTaTiON,かねこちはる,02:26,160,移动版v4.3.0(2023/03/02),5.0,5,627,EXtINcTiON,8.2,8,768,EXtINcTiON,10.9,10+,1099,EXtINcTiON,,,空,,,,,,https://arcwiki.mcd.blue/TEmPTaTiON
CHAOS,Æsir,02:49,150,移动版v4.5.0(2023/06/28),5.5,5,646,絶滅,7.5,7,848,絶滅,10.9,10+,1369,絶滅,,,空,絶滅,,,,,https://arcwiki.mcd.blue/CHAOS
Vulcānus,Team Grimoire vs Aoi,02:44,212,移动版v5.10.0(2024/08/29),5.5,5,968,Volution,8.5,8,1234,Volution CCCLX,10.9,10+,1542,Volution IV,,,空,,,,,,https://arcwiki.mcd.blue/Vulc%C4%81nus
And Revive The Melody,黒魔,02:49,210-220,移动版v6.0.0(2024/11/21),5.5,5,962,夜浪 (FIRE) Lv.75,8.5,8,1269,夜浪 (FIRE) Lv.75,10.9,10+,1710,夜浪 (FIRE) Lv.75,,,空,,,,,,https://arcwiki.mcd.blue/And_Revive_The_Melody
Breach of Faith,Supire feat.eili,02:38,172,移动版v6.0.0(2024/11/21),5.5,5,986,夜浪「perfidulo」,8.4,8,1171,夜浪「perfidulo」,10.3,10,1373,夜浪「perfidulo」,10.9,10+,1448,夜浪「perfidulo」,,,,,https://arcwiki.mcd.blue/Breach_of_Faith
DA'AT -The First Seeker of Souls-,水野健治 VS 大国奏音,02:42,222,移动版v6.1.0(2024/12/19),5.5,5,921,夜浪 -Revolutions-,8.4,8,1091,夜浪 -Revolutions-,10.9,10+,1500,夜浪 -Revolutions-,,,空,夜浪 -Revolutions-,,,,,https://arcwiki.mcd.blue/DA%27AT_-The_First_Seeker_of_Souls-
ViRTUS,Hiro,02:25,225,移动版v6.2.0(2025/1/23),5.5,5,877,NiTRO,8.6,8,1000,NiTRO,9.9,9+,1222,NiTRO,,,,,10.9,10+,1341,NiTRO,https://arcwiki.mcd.blue/ViRTUS
MEGALOVANIA (Camellia Remix),Camellia,02:46,242,移动版v6.3.0(2025/3/9),5.5,5,946,M理論,8.4,8,1161,M理論,9.8,9+,1345,M理論,,,,,10.9,10+,1468,* do you wanna have a bad time?,https://arcwiki.mcd.blue/MEGALOVANIA_(Camellia_Remix)
Ringed Genesis,Edelritter,02:13,160,移动版v2.2.0(2019/07/18),5.5,5,672,夜浪 vs Nitro,8.4,8,860,夜浪 vs Nitro,10.8,10+,1146,夜浪 vs Nitro,,,空,夜浪 vs Nitro,,,,,https://arcwiki.mcd.blue/Ringed_Genesis
Dantalion,Team Grimoire,02:32,186,移动版v3.0.0(2020/05/27),5.0,5,731,夜浪,8.2,8,843,東星,10.8,10+,1476,"夜浪 X 東星 ""The Lost""",,,空,,,,,,https://arcwiki.mcd.blue/Dantalion
BUCHiGiRE Berserker,REDALiCE vs MASAKI,02:28,200,移动版v3.2.0(2020/09/16),5.0,5,850,夜浪,8.6,8,1046,夜浪,10.8,10+,1412,東星 vs 夜浪 《BERSERK》,,,空,夜浪,,,,,https://arcwiki.mcd.blue/BUCHiGiRE_Berserker
ω4,穴山大輔 VS 光吉猛修 VS Kai,02:45,71-192,移动版v3.4.0(2020/12/17),3.5,3,816,τ0,7.8,7+,943,τ0,10.8,10+,1393,τ0,,,空,τ0,,,,,https://arcwiki.mcd.blue/%CE%A94
Divine Light of Myriad,yoho,02:22,172,移动版v3.7.0(2021/07/21),4.5,4,798,東星※神授,7.8,7+,835,東星※神授,10.8,10+,1021,東星※神授,,,空,東星※神授,,,,,https://arcwiki.mcd.blue/Divine_Light_of_Myriad
GENOCIDER,DJ Myosuke,02:19,250-390,移动版v3.8.0(2021/08/10),4.5,4,832,Toaster,8.9,8+,1025,Toaster,10.8,10+,1483,Toaster,,,空,Toaster,,,,,https://arcwiki.mcd.blue/GENOCIDER
Stasis,Maozon,02:34,180,移动版v3.12.8(2022/04/28),4.5,4,848,東星,7.0,7,935,東星,10.8,10+,1521,東星,,,空,,,,,,https://arcwiki.mcd.blue/Stasis
PRIMITIVE LIGHTS,TAG,02:45,205,移动版v4.3.2(2023/03/09),5.5,5,785,東星※原初の灯,8.8,8+,1073,東星※原初の灯,10.8,10+,1524,東星※原初の灯,,,空,東星※原初の灯,,,,,https://arcwiki.mcd.blue/PRIMITIVE_LIGHTS
Spider's Thread,きくお×cosMo＠暴走P feat.影縫英,02:21,180,移动版v4.4.0(2023/03/23),4.5,4,794,夜浪 <->,7.8,7+,764,夜浪 <->,10.8,10+,1203,夜浪 <->,,,空,夜浪 <->,,,,,https://arcwiki.mcd.blue/Spider%27s_Thread
͟͝͞Ⅱ́̕ ,Cytus,02:44,130-150,移动版v4.6.0(2023/07/19),5.0,5,690,Corrupted dataRecovery progress......100%,8.9,8+,816,Main_Log_702_10_25,10.8,10+,1051,Cam_Library_702_12_29,,,空,,,,,,https://arcwiki.mcd.blue/%CD%9F%CD%9D%CD%9E%E2%85%A1%CC%81%CC%95
TeraVolt,Katali,02:22,154,移动版v5.1.0(2023/10/27),5.0,5,675,夜浪,8.9,8+,804,夜浪,10.8,10+,1008,超東星 × 雷夜浪,,,空,夜浪,,,,,https://arcwiki.mcd.blue/TeraVolt
Meta-Mysteria,DJ Noriken,02:29,205,移动版v5.2.0(2023/11/30),5.0,5,844,夜浪,7.8,7+,905,夜浪,10.8,10+,1309,VII: THE CHARIOT/夜浪,,,空,,,,,,https://arcwiki.mcd.blue/Meta-Mysteria
Distorted Fate,Sakuzyo,02:42,150,移动版v5.6.0(2024/04/26),4.5,4,756,Toaster,7.8,7+,890,Toaster,9.6,9,1172,Toaster,,,,,10.8,10+,1402,TOASTER DATA PATCHER,https://arcwiki.mcd.blue/Distorted_Fate
Désive,MisomyL,02:46,180-230,移动版v5.6.0(2024/04/26),5.0,5,1007,Yearning Call,8.0,8,1051,Yearning Call,9.9,9+,1273,Yearning Call,,,,,10.8,10+,1340,Yearning Call,https://arcwiki.mcd.blue/D%C3%A9sive
Black MInD,COSIO,02:13,192,移动版v5.8.0(2024/06/27),5.0,5,601,聖輪,8.0,8,754,聖輪,10.8,10+,1274,聖輪,,,空,聖輪,,,,,https://arcwiki.mcd.blue/Black_MInD
ouroboros -twin stroke of the end-,Cranky VS MASAKI,02:29,188,移动版v1.9.0(2019/01/09),4.5,4,575,Groove 東星,7.5,7,832,Groove 東星,10.7,10+,1369,Groove 東星,,,空,Groove 東星,,,,,https://arcwiki.mcd.blue/Ouroboros_-twin_stroke_of_the_end-
Cyaegha,USAO,02:21,200,移动版v2.0.0(2019/03/21),5.5,5,760,夜浪、旧支配者,8.4,8,984,夜浪、旧支配者,10.7,10+,1368,夜浪、旧支配者,,,空,夜浪、旧支配者,,,,,https://arcwiki.mcd.blue/Cyaegha
World Vanquisher,void (Mournfinale),02:45,170,移动版v2.1.0(2019/05/23),2.5,2,529,処刑人【東星】,5.5,5,759,処刑人【東星】,10.7,10+,1452,処刑人【東星】,,,空,処刑人【東星】,,,,,https://arcwiki.mcd.blue/World_Vanquisher
AMAZING MIGHTYYYY!!!!,WAiKURO,02:18,185,移动版v3.4.1(2021/1/8),4.5,4,624,AMAZING TOASTYYYY!!!!,7.8,7+,776,AMAZING TOASTYYYY!!!!,10.7,10+,1249,AMAZING TOASTYYYY!!!!,,,空,AMAZING TOASTYYYY!!!!,,,,,https://arcwiki.mcd.blue/AMAZING_MIGHTYYYY!!!!
REKKA RESONANCE,REDALiCE vs Kobaryo,02:22,240,移动版v3.6.4(2021/06/30),5.0,5,860,夜浪 vs Nitro,8.9,8+,1051,夜浪 vs Nitro,10.7,10+,1212,夜浪 vs Nitro,,,空,夜浪 vs Nitro,,,,,https://arcwiki.mcd.blue/REKKA_RESONANCE
NULL APOPHENIA,N²,03:03,177,移动版v4.2.0(2023/1/26),4.5,4,990,夜浪,8.8,8+,1098,夜浪,10.7,10+,1299,東星 vs 夜浪《APOPHÄNIE》,,,空,,,,,,https://arcwiki.mcd.blue/NULL_APOPHENIA
KYOREN ROMANCE,REDALiCE vs DJ Myosuke feat. DELUTAYA,02:42,205,移动版v5.4.0(2024/03/08),4.0,4,821,Dec18 + Nitro,7.8,7+,982,Dec18 + Nitro,10.7,10+,1519,Dec18 + Nitro,,,空,Dec18 + Nitro,,,,,https://arcwiki.mcd.blue/KYOREN_ROMANCE
Inverted World,ARForest,02:14,180,移动版v5.10.0(2024/08/29),3.0,3,525,↑én↓,7.0,7,646,↑én↓,9.5,9,940,↑én↓,,,,,10.7,10+,1065,聖輪↓↑夜浪,https://arcwiki.mcd.blue/Inverted_World
Don't Fight The Music,黒魔,02:39,190-200,移动版v6.0.0(2024/11/21),4.5,4,757,絶滅 (AQUA) Lv.70,7.8,7+,962,絶滅 (AQUA) Lv.70,9.3,9,1043,絶滅 (AQUA) Lv.70,,,,,10.7,10+,1385,絶滅 (AQUA) Lv.70,https://arcwiki.mcd.blue/Don%27t_Fight_The_Music
Axium Crisis,ak+q,02:30,170,移动版v1.5.0(2017/11/03),5.5,5,685,The Monolith,8.5,8,1065,The Monolith,10.6,10,1094,The Monolith,,,空,The Monolith,,,,,https://arcwiki.mcd.blue/Axium_Crisis
cyanine,jioyi,02:30,182,移动版v1.5.5(2018/02/01),4.0,4,661,夜浪 - Apocalypse,7.8,7+,947,夜浪,10.6,10,1171,夜浪,,,空,,,,,,https://arcwiki.mcd.blue/Cyanine
corps-sans-organes,cybermiso,02:36,105,移动版v2.6.0(2020/03/25),4.5,4,438,夜浪「月食」,7.8,7+,615,夜浪「月食」,10.6,10,1077,夜浪「月食」,,,空,夜浪「月食」,,,,,https://arcwiki.mcd.blue/Corps-sans-organes
AttraqtiA,かめりあ,02:38,202,移动版v3.5.0(2021/01/21),4.0,4,732,Toaster affected by 'CHUNITHM',8.3,8,1002,Toaster affected by 'CHUNITHM',10.6,10,1433,Toaster affected by 'CHUNITHM',,,空,Toaster affected by 'CHUNITHM',,,,,https://arcwiki.mcd.blue/AttraqtiA
Overwhelm,xi,02:29,200,移动版v3.6.0(2021/05/11),5.0,5,854,夜浪,8.5,8,1038,夜浪,10.6,10,1251,夜浪,,,空,,,,,,https://arcwiki.mcd.blue/Overwhelm
Seclusion,Laur feat. Sennzai,02:18,175,移动版v3.7.0(2021/07/21),4.0,4,544,Exschwasion,7.5,7,762,Exschwasion,10.6,10,1132,N•Ex•T,,,空,,,,,,https://arcwiki.mcd.blue/Seclusion
Live Fast Die Young,anubasu-anubasu,02:16,153,移动版v3.9.0(2021/11/11),4.5,4,565,Nitro,8.5,8,837,Nitro,10.6,10,1292,Nitro with Toaster.,,,空,Nitro,,,,,https://arcwiki.mcd.blue/Live_Fast_Die_Young
"Good bye, Merry-Go-Round.",Yooh,02:12,185,移动版v4.1.0(2022/10/04),4.5,4,679,絶滅,7.5,7,696,絶滅,10.6,10,1084,絶滅,,,空,絶滅,,,,,"https://arcwiki.mcd.blue/Good_bye,_Merry-Go-Round."
Crimson Throne,Dimier√Lisb,02:15,210,移动版v4.3.0(2023/03/02),4.0,4,727,Toaster,8.0,8,1079,Toaster,10.6,10,1313,Toaster,,,空,Toaster,,,,,https://arcwiki.mcd.blue/Crimson_Throne
Manic Jeer,ルゼ,02:32,195,移动版v4.3.0(2023/03/02),4.0,4,698,NITR<O>,7.8,7+,875,NITR<O>,10.6,10,1286,NITR<O>,,,空,NITR<O>,,,,,https://arcwiki.mcd.blue/Manic_Jeer
[X],Blacklolita,02:25,162-180,移动版v4.3.0(2023/03/02),4.5,4,594,Nitro,7.8,7+,782,Nitro,10.6,10,1190,東星,,,空,,,,,,https://arcwiki.mcd.blue/%EF%BC%BBX%EF%BC%BD
UNKNOWN LEVELS,Yuta Imai,02:35,110-165,移动版v4.7.0(2023/08/18),4.0,4,591,Toaster,8.1,8,771,Toaster,10.6,10,1149,⇓東星 vs Toaster⇓,,,空,,,,,,https://arcwiki.mcd.blue/UNKNOWN_LEVELS
Back to Basics,m1dy,02:31,420,移动版v5.7.0(2024/05/30),5.0,5,717,夜浪 THE FUMEn ANARCHIST,8.7,8+,1115,夜浪 THE FUMEn ANARCHIST,10.6,10,1544,夜浪 THE FUMEn ANARCHIST,,,空,夜浪 THE FUMEn ANARCHIST,,,,,https://arcwiki.mcd.blue/Back_to_Basics
MVURBD,ETIA.,02:50,175,移动版v5.10.0(2024/08/29),4.5,4,999,絶滅,7.8,7+,1031,絶滅,10.6,10,1497,絶滅,,,空,,,,,,https://arcwiki.mcd.blue/MVURBD
Dies irae,お月さま交響曲,02:32,172,移动版v5.10.6(2024/10/24),4.5,4,632,M理論,7.5,7,802,M理論,9.5,9,1052,M理論,,,,,10.6,10,1263,M理論,https://arcwiki.mcd.blue/Dies_irae
Astral Quantization,Dj Grimoire,02:35,185,移动版v6.0.0(2024/11/21),5.0,5,782,Ψ,8.1,8,943,Ψ,10.6,10,1388,Ψ,,,空,,,,,,https://arcwiki.mcd.blue/Astral_Quantization
Singularity,ETIA. / Arcaea Sound Team against. ETIA. [Beyond],2:06 / 2:17 [Beyond],175,移动版v1.6.0(2018/03/23),4.5,4,534,東星,7.8,7+,678,東星,10.5,10,1105,東星※コラプサー,10.4,10,1114,Exschwasion against 絶滅,,,,,https://arcwiki.mcd.blue/Singularity
Halcyon,xi,02:38,191,移动版v1.7.0(2018/07/16),5.5,5,662,東星※太陽,8.2,8,943,東星※太陽,10.5,10,1227,東星※太陽,,,空,東星※太陽,,,,,https://arcwiki.mcd.blue/Halcyon
GLORY：ROAD,uma vs. モリモリあつし,02:24,250,移动版v2.4.0(2019/10/08),4.5,4,868,東星※紅空,7.0,7,999,東星※紅空,10.5,10,1479,東星※紅空,,,空,東星※紅空,,,,,https://arcwiki.mcd.blue/GLORY%EF%BC%9AROAD
GIMME DA BLOOD,C-Show,02:13,87-110,移动版v3.5.2(2021/03/09),3.5,3,582,夜浪,7.5,7,737,夜浪,10.5,10,1093,夜浪,,,空,夜浪,,,,,https://arcwiki.mcd.blue/GIMME_DA_BLOOD
Sheriruth (Laur Remix),Laur,02:04,200,移动版v3.8.0(2021/08/10),4.0,4,671,Nitro,7.8,7+,795,Nitro,10.5,10,1134,東星※恣意,,,空,Nitro,,,,,https://arcwiki.mcd.blue/Sheriruth_(Laur_Remix)
Lightning Screw,HiTECH NINJA,02:07,190,移动版v3.10.0(2021/12/09),4.5,4,611,東星,7.8,7+,811,東星,10.5,10,1192,東星,,,空,東星,,,,,https://arcwiki.mcd.blue/Lightning_Screw
Aurgelmir,溝口ゆうま feat. 大瀬良あい,02:17,122-230,移动版v3.12.4(2022/3/23),4.5,4,540,夜浪,8.5,8,765,夜浪,10.5,10,1100,夜浪,,,空,,,,,,https://arcwiki.mcd.blue/Aurgelmir
Chronicle,Lime,02:25,221,移动版v4.2.0(v2023/1/26),5.0,5,928,夜浪 -Annales Historiae-,8.9,8+,1077,夜浪 -Annales Historiae-,10.5,10,1264,夜浪 -Annales Historiae-,,,空,夜浪 -Annales Historiae-,,,,,https://arcwiki.mcd.blue/Chronicle
Lucid Traveler,Akira Complex vs 3R2,02:39,170-200,移动版v4.5.0(2023/06/28),4.5,4,634,Toaster vs ₸öα$†ε₹,8.9,8+,1006,Toaster vs ₸öα$†ε₹,10.5,10,1341,Toaster vs ₸öα$†ε₹,,,空,Toaster vs ₸öα$†ε₹,,,,,https://arcwiki.mcd.blue/Lucid_Traveler
Rise of the World,cosMo＠暴走P,02:20,182-212,移动版v4.7.0(2023/08/18),4.5,4,722,N⇑TRO,8.1,8,843,N⇑TRO,10.5,10,1176,N⇑TRO,,,空,N⇑TRO,,,,,https://arcwiki.mcd.blue/Rise_of_the_World
Ego Eimi,BlackY feat. Risa Yuzuki,02:35,178,移动版v5.0.0(2023/09/27),5.5,5,801,東星,8.6,8,937,東星,10.5,10,1223,東星,,,空,東星,,,,,https://arcwiki.mcd.blue/Ego_Eimi
XTREME,USAO,02:20,205,移动版v5.2.0(2023/11/30),4.5,4,752,絶滅,7.8,7+,831,絶滅,10.5,10,1258,絶滅,,,空,絶滅,,,,,https://arcwiki.mcd.blue/XTREME
eden,"""漆黒""の堕天使《Gram》†Versus†""聖刻""の熾天使《Gram》",02:23,246,移动版v5.2.0(2023/11/30),4.5,4,826,反水,8.2,8,1194,反水,10.5,10,1365,反水,,,空,反水,,,,,https://arcwiki.mcd.blue/Eden
Wish Upon a Snow,打打だいず,02:39,218,移动版v5.2.0(2023/11/30),4.5,4,1031,0°絶滅,7.5,7,1095,0°絶滅,10.5,10,1309,0°絶滅,,,空,0°絶滅,,,,,https://arcwiki.mcd.blue/Wish_Upon_a_Snow
Aleph-0,LeaF,02:20,35-400,移动版v5.4.0(2024/03/08),5.5,5,388,ə₀,8.8,8+,579,ə₀,10.5,10,919,ə₀,,,空,,,,,,https://arcwiki.mcd.blue/Aleph-0
Twilight Concerto,Scarlette,01:41,194,移动版v5.7.0(2024/05/30),4.5,4,584,Exschwasion,7.8,7+,634,Exschwasion,9.5,9,803,Exschwasion,,,,,10.5,10,962,Exschwasion,https://arcwiki.mcd.blue/Twilight_Concerto
10pt8ion,Lite Show Magic,02:09,128-185,移动版v5.8.0(2024/06/27),4.0,4,475,Nitro,7.8,7+,704,Nitro,9.8,9+,906,Nite Schwa Power,,,,,10.5,10,1087,Nite Schwa Power,https://arcwiki.mcd.blue/10pt8ion
Judgement,Tatsunoshin,02:52,200,移动版v5.9.0(2024/07/30),5.5,5,844,絶滅 » collapse,8.6,8,1055,絶滅 » collapse,10.5,10,1432,絶滅 » collapse,,,空,絶滅 » collapse,,,,,https://arcwiki.mcd.blue/Judgement
Rain of Conflict in a Radiant Abyss,ak+q,02:30,195,移动版v5.10.2(2024/09/12),5.0,5,831,Nitro “v20170309”,7.8,7+,934,Nitro “v20170309”,9.5,9,1164,Nitro “v20170309”,,,,,10.5,10,1247,Nitro meets Toaster “v20170309”,https://arcwiki.mcd.blue/Rain_of_Conflict_in_a_Radiant_Abyss
Spirit of the Dauntless,KO3 & Relect,02:29,180,移动版v5.10.6(2024/10/24),4.5,4,693,絶滅,7.8,7+,957,絶滅,10.5,10,1207,絶滅,,,空,,,,,,https://arcwiki.mcd.blue/Spirit_of_the_Dauntless
Straight into the lights,Cosmograph,02:29,90,移动版v6.2.0(2025/1/23),4.0,4,583,nora::kuma,7.5,7,714,nora::kuma,9.5,9,1226,nora::kuma,,,,,10.5,10,1280,反水 × 夜浪,https://arcwiki.mcd.blue/Straight_into_the_lights
MEGALOVANIA,Toby Fox,02:36,240,移动版v6.3.0(2025/3/9),4.5,4,906,瑞獣 ＬＶ３,7.5,7,969,瑞獣 ＬＶ８,9.5,9,1064,瑞獣 ＬＶ１５,,,,,10.5,10,1202,瑞獣 ＬＶ１９,https://arcwiki.mcd.blue/MEGALOVANIA
Dull Blade,stuv,-:--,128-160,移动版v6.4.0(2025/4/24),4.5,4,579,NITRO,8.0,8,780,NITRO,10.5,10,1199,NITRO,,,空,,,,,,https://arcwiki.mcd.blue/Dull_Blade
γuarδina,Aoi,02:11,202,移动版v1.6.2(2018/04/29),4.0,4,507,τoastεr,8.0,8,678,τoastεr,10.4,10,1120,τoastεr,,,空,τoastεr,,,,,https://arcwiki.mcd.blue/%CE%93uar%CE%B4ina
Garakuta Doll Play,t+pazolite,02:08,256,移动版v2.1.0(2019/05/23),4.5,4,444,Arcaea Charting Team【Royal Flush】,6.5,6,572,Arcaea Charting Team【Royal Flush】,10.4,10,1035,Arcaea Charting Teamからの挑戦状 ,,,空,,,,,,https://arcwiki.mcd.blue/Garakuta_Doll_Play
Felis,M2U,02:18,155,移动版v3.3.0(2020/12/03),4.0,4,463,東星,7.5,7,624,東星,10.4,10,1153,東星,,,空,東星,,,,,https://arcwiki.mcd.blue/Felis
Climax,USAO,02:34,190,移动版v3.5.0(2021/1/21),4.5,4,773,Nitro -EXTRA ROUND-,7.8,7+,988,Nitro -EXTRA ROUND-,10.4,10,1367,Nitro -EXTRA ROUND-,,,空,Nitro -EXTRA ROUND-,,,,,https://arcwiki.mcd.blue/Climax
Last Celebration,Laur vs CK,02:35,238,移动版v3.5.0(2021/1/21),3.5,3,969,Nitro affected by 'CHUNITHM',6.5,6,994,Nitro affected by 'CHUNITHM',10.4,10,1475,Nitro affected by 'CHUNITHM',,,空,Nitro affected by 'CHUNITHM',,,,,https://arcwiki.mcd.blue/Last_Celebration
Kissing Lucifer,ETIA.,02:26,170,移动版v3.12.0(2022/02/17),4.5,4,639,NITRO,7.8,7+,770,NITRO,10.4,10,1183,NITRO,,,空,NITRO,,,,,https://arcwiki.mcd.blue/Kissing_Lucifer
PUPA,モリモリあつし,02:08,202,移动版v4.0.0(2022/07/07),4.0,4,374,én -胡蝶の夢-,7.8,7+,684,én -胡蝶の夢-,10.4,10,1099,én -胡蝶の夢-,,,空,én -胡蝶の夢-,,,,,https://arcwiki.mcd.blue/PUPA
IMPACT,USAO feat. 光吉猛修,02:31,210,移动版v4.4.0(2023/03/23),3.5,3,723,ÉCOLOGIE IMPACT,7.8,7+,913,ÉN IMPACT,9.6,9,1231,én feat. écologie,10.4,10,1392,Toaster NEW!!,,,,,https://arcwiki.mcd.blue/IMPACT
To the Milky Way,黒魔,02:46,186,移动版v4.4.6(2023/05/25),5.0,5,928,Nitroだー！,8.9,8+,1154,Nitroだー！,10.4,10,1392,Nitroだー！,,,空,Nitroだー！,,,,,https://arcwiki.mcd.blue/To_the_Milky_Way
Qovat,owl＊tree,02:41,122,移动版v5.4.0(2024/03/08)(2024/03/09正式开放购买),4.5,4,519,ex＊tree,8.2,8,765,ex＊tree,10.4,10,1299,ny＊tree,,,空,ex＊tree,,,,,https://arcwiki.mcd.blue/Qovat
Lethal Voltage,siqlo,02:42,190,移动版v5.5.0(2024/03/25),4.5,4,724,moonquay[EMP],7.8,7+,922,moonquay[FLASH],10.4,10,1497,moonquay[SHOCK],,,空,,,,,,https://arcwiki.mcd.blue/Lethal_Voltage
MIRINAE,TAK × Zekk,02:37,180,移动版v5.5.0(2024/03/25)(2024/05/13开放购买),4.5,4,646,N↑TRO,8.3,8,881,N↑TRO,10.4,10,1277,N↑TRO,,,空,,,,,,https://arcwiki.mcd.blue/MIRINAE
Rays of Remnant,May × Felysrator,02:11,200,移动版v6.0.0(2024/11/21),4.5,4,710,nora::nue,7.5,7,766,nora::nue,9.7,9+,982,nora::nue,10.4,10,1118,nora::nue,,,,,https://arcwiki.mcd.blue/Rays_of_Remnant
Placebo♥Battler,OSTER project,02:39,270,移动版v6.3.0(2025/3/9),5.5,5,597,絶滅【再構築】,8.3,8,827,絶滅【再構築】,10.4,10,1194,絶滅【再構築】,,,空,,,,,,https://arcwiki.mcd.blue/Placebo%E2%99%A5Battler
Metallic Punisher,INNOCENT NOIZE,02:24,165,移动版v1.5.6(2018/02/16),3.0,3,500,Kurorak,7.0,7,846,Kurorak,10.3,10,1238,Black Tea,,,空,Kurorak,,,,,https://arcwiki.mcd.blue/Metallic_Punisher
Ether Strike,Akira Complex,02:19,156,移动版v1.7.0(2018/07/16),5.5,5,659,Zero Sky,8.3,8,837,Zero Sky,10.3,10,1170,Zero Sky,,,空,Zero Sky,,,,,https://arcwiki.mcd.blue/Ether_Strike
Tiferet,xi + Sta,02:24,140?,移动版v1.8.0(2018/10/07),4.5,4,450,夜浪[Spherical],7.8,7+,720,夜浪[Spherical],10.3,10,1086,夜浪[Spherical],,,空,夜浪[Spherical],,,,,https://arcwiki.mcd.blue/Tiferet
Ikazuchi,光吉猛修,02:30,200,移动版v2.1.0(2019/05/23),3.5,3,656,先史の機械神【夜浪】,7.5,7,976,先史の機械神【夜浪】,10.3,10,1347,先史の機械神【夜浪】,,,空,先史の機械神【夜浪】,,,,,https://arcwiki.mcd.blue/Ikazuchi
IZANA,t+pazolite vs P*Light,02:03,222,移动版v2.5.0(2020/01/21),5.0,5,609,NITRO,8.3,8,836,NITRO,10.3,10,976,NITRO,,,空,NITRO,,,,,https://arcwiki.mcd.blue/IZANA
To: Alice Liddell,モリモリあつし,01:58,222,移动版v3.3.1(2020/12/09),4.0,4,535,"Yours Sincerely, 夜浪",7.5,7,674,"Yours Sincerely, 夜浪",10.3,10,998,"Yours Sincerely, 夜浪",,,空,"Yours Sincerely, 夜浪",,,,,https://arcwiki.mcd.blue/To:_Alice_Liddell
Viyella's Tears,Laur,02:37,218,移动版v3.4.0(2020/12/17),4.0,4,716,東星の涙,7.8,7+,942,東星の涙,10.3,10,1403,東星の涙,,,空,東星の涙,,,,,https://arcwiki.mcd.blue/Viyella%27s_Tears
"Hiiro Gekka, Kyoushou no Zetsu (nayuta 2017 ver.)",nayuta x 黒鳥(EastNewSound),02:40,150,移动版v4.3.0(2023/03/02),3.5,3,719,絶滅 Exschwasion 絶滅 Exschwasion,6.5,6,709,絶滅 Exschwasion 絶滅 Exschwasion,10.3,10,1126,絶滅 Exschwasion 絶滅 Exschwasion,,,空,絶滅 Exschwasion 絶滅 Exschwasion,,,,,"https://arcwiki.mcd.blue/Hiiro_Gekka,_Kyoushou_no_Zetsu_(nayuta_2017_ver.)"
99 Glooms,Sta,02:42,185,移动版v4.6.0(2023/07/19),4.0,4,637,終点,7.8,7+,774,終点,10.3,10,1294,終点,,,空,,,,,,https://arcwiki.mcd.blue/99_Glooms
ultradiaxon-N3,nitro (lowiro),02:34,150,移动版v5.5.8(2024/04/02),4.5,4,605,Nitro,8.5,8,896,Nitro,10.3,10,1228,Nitro,,,空,,,,,,https://arcwiki.mcd.blue/Ultradiaxon-N3
Dual Doom Deathmatch,Kobaryo vs HyuN,02:22,222,移动版v5.10.0(2024/08/29),3.5,3,838,NITRO,6.5,6,830,NITRO,8.9,8+,1094,NITRO,,,,,10.3,10,1292,NITRO,https://arcwiki.mcd.blue/Dual_Doom_Deathmatch
SUPER AMBULANCE,AJURIKA,02:31,200,移动版v6.0.0(2024/11/21),4.5,4,740,moonquay【新入生】,7.5,7,971,moonquay v.EXPERT,10.3,10,1371,moonquay v.MASTER,,,空,,,,,,https://arcwiki.mcd.blue/SUPER_AMBULANCE
8-EM,Sampling Masters AYA,02:28,168,移动版v6.1.0(2024/12/19),4.5,4,557,Exschwasion,7.8,7+,847,Exschwasion,9.5,9,1081,Rave Gallery,,,,,10.3,10,1201,X-SCHWASION,https://arcwiki.mcd.blue/8-EM
BREaK! BREaK! BREaK!,HiTECH NINJA vs Cranky,02:28,165,移动版v6.2.0(2025/1/23),3.5,3,472,écologie,6.5,6,614,écologie,8.8,8+,894,écologie,,,,,10.3,10,1251,EXSCHWASiON vs 絶滅,https://arcwiki.mcd.blue/BREaK!_BREaK!_BREaK!
Nirv lucE,しーけー,02:08,260,移动版v1.0.11(2017/05/11),2.5,2,297,東星※紅空,7.0,7,547,東星※紅空,10.2,10,980,東星※紅空,,,空,東星※紅空,,,,,https://arcwiki.mcd.blue/Nirv_lucE
αterlβus,Aoi,02:00,202,移动版v1.1.2(2017/06/23),4.0,4,505,τoastεr,7.5,7,668,τoastεr,10.2,10,1030,τoastεr,,,空,τoastεr,,,,,https://arcwiki.mcd.blue/%CE%91terl%CE%B2us
conflict,siromaru + cranky,02:08,160,移动版v1.5.0(2017/11/03),4.5,4,520,Toaster,7.5,7,731,Nitro,10.2,10,1056,toaster + nitro,,,空,,,,,,https://arcwiki.mcd.blue/Conflict
Valhalla:0,Juggernaut.,02:22,200,移动版v2.3.0(2019/08/22),4.5,4,624,夜浪,7.5,7,893,夜浪,10.2,10,1173,夜浪,,,空,夜浪,,,,,https://arcwiki.mcd.blue/Valhalla:0
Malicious Mischance,s-don,02:17,155,移动版v3.1.2(2020/09/04),4.0,4,510,×NITRO×,7.8,7+,706,×NITRO×,10.2,10,1126,×NITRO×,,,空,×NITRO×,,,,,https://arcwiki.mcd.blue/Malicious_Mischance
Löschen,BlackY feat. Risa Yuzuki,02:20,181,移动版v3.6.0(2021/05/11),3.5,3,642,絶滅,7.0,7,850,絶滅,10.2,10,1235,絶滅,,,空,,,,,,https://arcwiki.mcd.blue/L%C3%B6schen
Quon,DJ Noriken,02:04,170,移动版v3.8.0(2021/08/10),2.5,2,425,CERiNG,6.0,6,496,CERiNG,8.7,8+,749,CERiNG,10.2,10,1044,XIII: The Journey/Nitro,,,,,https://arcwiki.mcd.blue/Quon_(DJ_Noriken)
lastendconductor,zts,03:04,139,移动版v3.8.6(2021/09/29),3.5,3,726,Nitro,7.5,7,901,Nitro,9.4,9,1209,Nitro,10.2,10,1339,Toaster,,,,,https://arcwiki.mcd.blue/Lastendconductor
Redolent Shape,Sanaas,02:12,150,移动版v3.8.8(2021/10/21),4.5,4,570,絶滅,7.5,7,717,絶滅,10.2,10,1088,絶滅,,,空,絶滅,,,,,https://arcwiki.mcd.blue/Redolent_Shape
NEO WINGS,SOUND HOLIC feat. Nana Takahashi,02:30,168,移动版v3.12.0(2022/02/17),4.0,4,591,Toaster,7.5,7,840,Toaster,10.2,10,1328,Toaster,,,空,Toaster,,,,,https://arcwiki.mcd.blue/NEO_WINGS
Capella,ARForest,02:17,210,移动版v4.1.6(2022/12/22),4.5,4,884,0°Nitro,7.8,7+,904,0°Nitro,10.2,10,1159,0°Nitro,,,空,0°Nitro,,,,,https://arcwiki.mcd.blue/Capella
Magnolia,M2U Vocal by Guriri,02:25,160,移动版v4.6.0(2023/07/19),4.5,4,625,Lacrimosa,7.8,7+,726,Lacrimosa,10.2,10,895,Lacrimosa,,,空,Lacrimosa,,,,,https://arcwiki.mcd.blue/Magnolia
Logos,polysha feat. 高城みよ,02:17,189,移动版v5.0.0(2023/09/27),4.0,4,697,絶滅,7.8,7+,798,絶滅,10.2,10,1040,絶滅,,,空,絶滅,,,,,https://arcwiki.mcd.blue/Logos
Renegade,sky_delta,02:25,186,移动版v6.0.0(2024/11/21),4.5,4,655,"raycast, The Devout",7.8,7+,751,"raycast, The Devout",9.6,9,994,"raycast, The Devout",10.2,10,1165,"raycast, The Irresolute",,,,,https://arcwiki.mcd.blue/Renegade
Your Best Nightmare,Toby Fox,02:54,190,移动版v6.3.0(2025/3/9),3.5,3,760,Nitro,6.5,6,925,Nitro,8.9,8+,1086,Arcaea Charting Team【The Six Souls】,10.2,10,1451,Arcaea Charting Team【The Six Souls】,,,,,https://arcwiki.mcd.blue/Your_Best_Nightmare
PRAGMATISM,Laur,2:00 / 2:38[Beyond],174,移动版v1.0.5(2017/03/09),4.5,4,476,東星,8.6,8,855,東星,10.1,10,942,東星,11.2,11,1502,THE LAST DREAM,,,,,https://arcwiki.mcd.blue/PRAGMATISM
G e n g a o z o,-45,02:40,153,移动版v3.8.6(2021/09/29),4.0,4,580,_P A S T,8.1,8,870,_P R E S E N T,10.1,10,1353,_F U T U R E,,,空,,,,,,https://arcwiki.mcd.blue/G_e_n_g_a_o_z_o
Medusa,HiTECH NINJA,02:04,165,移动版v3.11.0(2021/12/24),4.5,4,550,Toaster,7.0,7,645,Toaster,10.1,10,931,Toaster,,,空,Toaster,,,,,https://arcwiki.mcd.blue/Medusa
Trrricksters!!,s-don vs. 翡乃イスカ,02:27,155,移动版v4.4.0(2023/03/23),4.5,4,561,絶滅,7.5,7,784,絶滅,10.1,10,1183,絶滅,,,空,絶滅,,,,,https://arcwiki.mcd.blue/Trrricksters!!
Kanbu de Tomatte Sugu Tokeru,ARM＋夕野ヨシミ (IOSYS) feat. miko,02:13,200,移动版v5.2.2(2023/12/21),4.0,4,584,C7H11NO配合!!!!!!!,7.5,7,714,C7H11NO配合!!!!!!!,10.1,10,1108,C7H11NO配合!!!!!!!,,,空,C7H11NO配合!!!!!!!,,,,,https://arcwiki.mcd.blue/Kanbu_de_Tomatte_Sugu_Tokeru
Gensou no Satellite,豚乙女,02:32,230,移动版v5.10.4(2024/09/26),2.5,2,721,Luxance,6.5,6,783,Luxance,8.7,8+,992,Luxance,,,,,10.1,10,1139,Luxance,https://arcwiki.mcd.blue/Gensou_no_Satellite
BlazinG AIR,kanone,02:20,150,移动版v6.1.0(2024/12/19),3.5,3,433,BlazinG ÉND,6.5,6,571,BlazinG ÉND,8.9,8+,757,BlazinG ÉND,,,,,10.1,10,1129,BlazinG ÉND,https://arcwiki.mcd.blue/BlazinG_AIR
Sheriruth,Team Grimoire,02:17,185,移动版v1.0.5(2017/03/09),5.5,5,611,夜浪,7.5,7,832,夜浪,10.0,10,1151,夜浪,,,空,夜浪,,,,,https://arcwiki.mcd.blue/Sheriruth
Alexandrite,WAiKURO,02:19,146,移动版v1.7.5(2018/09/172018/09/30正式开放购买),4.5,4,507,東星※空の宝石,7.5,7,699,東星※空の宝石,10.0,10,1040,東星※空の宝石,,,空,東星※空の宝石,,,,,https://arcwiki.mcd.blue/Alexandrite
Scarlet Lance,MASAKI (ZUNTATA),02:09,185,移动版v1.9.0(2019/01/09),4.0,4,517,闇運,7.0,7,644,闇運,10.0,10,1130,闇運,,,空,闇運,,,,,https://arcwiki.mcd.blue/Scarlet_Lance
Vicious Heroism,Kobaryo,2:20 / 2:30 [Beyond],256 / 271 [Beyond],移动版v2.0.0(2019/03/21),4.0,4,430,Nitro vanquish Toaster.,7.5,7,756,Nitro vanquish Toaster.,10.0,10,1150,Nitro vanquish Toaster.,11.2,11,1772,[FUTiLE] Defiance,,,,,https://arcwiki.mcd.blue/Vicious_Heroism
Xanatos,Tatsh,02:38,170,移动版v3.2.3(2020/11/19),4.0,4,735,XERiNG,7.5,7,938,eXschwasion,10.0,10,1232,XERiNG × eXschwasion × NitromeX,,,空,,,,,,https://arcwiki.mcd.blue/Xanatos
Oshama Scramble!,t+pazolite,02:01,190,移动版v3.4.1(2021/1/8),3.5,3,508,Nitro!+9牛乳,6.5,6,568,Nitro!+99牛乳,10.0,10,1073,Nitro!+999牛乳,,,空,,,,,,https://arcwiki.mcd.blue/Oshama_Scramble!
Bamboo,立秋 feat.ちょこ,02:20,5-315,移动版v3.5.1(2021/02/11),3.0,3,499,竹の子,6.5,6,631,竹の子,10.0,10,1050,竹の子,,,空,竹の子,,,,,https://arcwiki.mcd.blue/Bamboo
HIVEMIND,かたぎり,02:13,252,移动版v3.7.0(2021/07/21),4.0,4,995,NITRO -unconnected-,8.6,8,988,NITRO -unconnected-,10.0,10,1252,NITRO -unconnected-,,,空,NITRO -unconnected-,,,,,https://arcwiki.mcd.blue/HIVEMIND
Free Myself,lapix feat. mami,02:33,153,移动版v4.1.4(2022/11/10),4.5,4,662,Exschwasion,7.5,7,785,Exschwasion,10.0,10,1132,Exschwasion -unbound-,,,空,Exschwasion,,,,,https://arcwiki.mcd.blue/Free_Myself
Masquerade Legion,Srav3R & DJ Noriken,02:25,175,移动版v5.4.0(2024/03/08),3.5,3,510,Nitro 「The Veiled」,6.5,6,698,Nitro 「The Veiled」,10.0,10,1064,Nitro 「The Veiled」,,,空,Nitro 「The Veiled」,,,,,https://arcwiki.mcd.blue/Masquerade_Legion
Chromafill,ていぬ,02:32,179,移动版v5.6.0(2024/04/26),4.0,4,757,exschwasion -彩色-,7.0,7,890,exschwasion -彩色-,10.0,10,1130,exschwasion -彩色-,,,空,exschwasion -彩色-,,,,,https://arcwiki.mcd.blue/Chromafill
Third Sun,Ash Astral,02:38,75-225,移动版v5.10.6(2024/10/24),3.5,3,532,NEO NITRO,7.0,7,702,NEO NITRO,9.4,9,811,NEO NITRO,,,,,10.0,10,1043,NEO NITRO,https://arcwiki.mcd.blue/Third_Sun
TRPNO,Nauts,02:05,150,移动版v6.3.2(2025/3/27),4.5,4,451,raycast,7.8,7+,562,raycast,10.0,10,897,raycast,,,空,,,,,,https://arcwiki.mcd.blue/TRPNO
Modelista,HiTECH NINJA,02:07,165,移动版v1.1.6(2017/09/25),3.5,3,418,NiTRO,7.5,7,691,NiTRO,9.9,9+,1010,NiTRO,,,空,NiTRO,,,,,https://arcwiki.mcd.blue/Modelista
trappola bewitching,gmtn.,02:00,190,移动版v1.5.0(2017/11/03),3.0,3,415,Kurorak,6.0,6,541,Kurorak,9.9,9+,1044,k//urorak,10.6,10,1086,NITRO -mesmerize-,,,,,https://arcwiki.mcd.blue/Trappola_bewitching
Nhelv,Silentroom,02:41,174.59,移动版v1.7.2(2018/08/13),3.0,3,647,Nitro「Katastrophe」,6.5,6,913,Nitro「Katastrophe」,9.9,9+,1108,Nitro「Katastrophe」,10.9,10+,1474,零下 -descent-,,,,,https://arcwiki.mcd.blue/Nhelv
Heavensdoor,LeaF,02:11,240,移动版v2.2.0(2019/07/18),4.5,4,766,Kurorak,7.5,7,869,Kurorak,9.9,9+,1101,Black Tea,10.8,10+,1534,東星※天の門,,,,,https://arcwiki.mcd.blue/Heavensdoor
Mirzam,Aoi vs. siqlo,02:28,201,移动版v2.3.2(2019/09/05)(2019/09/23正式开放购买),4.0,4,662,東星※おおいぬ座β星,7.5,7,885,東星※おおいぬ座β星,9.9,9+,1303,東星※おおいぬ座β星,,,空,東星※おおいぬ座β星,,,,,https://arcwiki.mcd.blue/Mirzam
Antagonism,Yooh vs. siromaru,02:19,160,移动版v3.0.0(2020/05/27),4.5,4,431,Toaster,7.8,7+,738,Toaster,9.9,9+,1142,Toaster,,,空,Toaster,,,,,https://arcwiki.mcd.blue/Antagonism
Arcahv,Feryquitous,02:45,191,移动版v3.0.0(2020/05/27),4.5,4,818,∅,7.8,7+,884,∅,9.9,9+,1065,∅,,,空,∅,,,,,https://arcwiki.mcd.blue/Arcahv
Galaxy Friends,Kobaryo,02:09,300,移动版v3.2.1(2020/10/07),3.5,3,474,Nitrome X,6.0,6,572,Nitrome X,9.9,9+,1013,Nitrome X,,,空,Nitrome X,,,,,https://arcwiki.mcd.blue/Galaxy_Friends
7thSense,削除,02:09,150,移动版v3.4.1(2021/1/8),3.0,3,360,石樂,7.8,7+,739,石樂,9.9,9+,925,石樂,,,空,石樂,,,,,https://arcwiki.mcd.blue/7thSense
Summer Fireworks of Love,karatoPαnchii feat.はるの,02:30,160,移动版v3.9.0(2021/11/11)(2021/12/09正式开放购买),3.0,3,478,夏のNitro,6.5,6,641,夏のNitro,9.9,9+,1088,夏のNitro,,,空,夏のNitro,,,,,https://arcwiki.mcd.blue/Summer_Fireworks_of_Love
Trap Crow,Puru,02:54,80,移动版v4.0.0(2022/07/07),4.5,4,876,CERiNG + Nitro,7.8,7+,898,CERiNG + Nitro,9.9,9+,1074,CERiNG + Nitro,,,空,CERiNG + Nitro,,,,,https://arcwiki.mcd.blue/Trap_Crow
Astra walkthrough,paraoka,02:21,225,移动版v4.2.0(v2023/1/26),4.5,4,769,Aster,7.8,7+,886,Aster,9.9,9+,1191,Aster join Toaster.,,,空,Aster,,,,,https://arcwiki.mcd.blue/Astra_walkthrough
MAXRAGE,EBIMAYO,02:14,222,移动版v4.3.0(2023/03/02),3.5,3,696,EXSCHWASION,6.5,6,760,EXSCHWASION,9.9,9+,1184,EXSCHWASION,,,空,EXSCHWASION,,,,,https://arcwiki.mcd.blue/MAXRAGE
The Survivor (Game Edit),Taishi,03:09,132,移动版v4.4.4(2023/04/27),3.5,3,817,Nitro,6.5,6,750,Nitro,9.9,9+,1100,Nitro,,,空,Nitro,,,,,https://arcwiki.mcd.blue/The_Survivor_(Game_Edit)
New York Back Raise,saaa + kei_iwata + stuv + わかどり,02:32,160,移动版v4.4.4(2023/04/27),4.5,4,762,Exschwasion 「CHECK」,7.0,7,803,Exschwasion 「RAISE」,9.9,9+,1091,Exschwasion 「ALL IN」,,,空,,,,,,https://arcwiki.mcd.blue/New_York_Back_Raise
INTERNET YAMERO,Aiobahn feat. KOTOKO,03:01,185,移动版v4.5.0(2023/06/28),4.5,4,677,該当チャンネルが停止されたため、この譜面は再生できません。,7.8,7+,987,該当チャンネルが停止されたため、この譜面は再生できません。,9.9,10,1222,該当チャンネルが停止されたため、この譜面は再生できません。,,,空,該当チャンネルが停止されたため、この譜面は再生できません。,,,,,https://arcwiki.mcd.blue/INTERNET_YAMERO
Devillic Sphere,3R2,02:06,160,移动版v4.5.0(2023/06/28),4.0,4,490,₸öα$†ε₹,7.8,7+,692,₸öα$†ε₹,9.9,9+,1129,₸öα$†ε₹,,,空,₸öα$†ε₹,,,,,https://arcwiki.mcd.blue/Devillic_Sphere
Ultimate taste,ぱらどっと,02:52,200,移动版v4.6.0(2023/07/19),3.5,3,828,Arcaea Charting Team,6.5,6,1008,Arcaea Charting Team,9.9,9+,1405,Arcaea Charting Team【Full Flavor】,,,空,,,,,,https://arcwiki.mcd.blue/Ultimate_taste
Amekagura,荒谷サトル,02:13,105,移动版v5.0.0(2023/09/27),4.0,4,741,antymis,7.5,7,851,antymis,9.9,9+,1076,antymis,,,空,antymis,,,,,https://arcwiki.mcd.blue/Amekagura
Beautiful Dreamer,M-Project,02:22,188,移动版v5.7.0(2024/05/30),4.0,4,611,CERiNG,7.8,7+,773,CERiNG,9.9,9+,1139,CERiNG,,,空,,,,,,https://arcwiki.mcd.blue/Beautiful_Dreamer
STARGATE EXTREME,KARUT,02:03,150,移动版v5.8.0(2024/06/27),4.0,4,337,én,6.0,6,430,én,9.3,9,724,én,,,,,9.9,9+,915,én,https://arcwiki.mcd.blue/STARGATE_EXTREME
Distortion Human,DJ Myosuke & KAJI,02:29,200,移动版v5.9.0(2024/07/30),3.0,3,544,ディストーション・ルクアンス,6.5,6,841,ディストーション・ルクアンス,9.9,9+,1317,ディストーション・ルクアンス,,,空,ディストーション・ルクアンス,,,,,https://arcwiki.mcd.blue/Distortion_Human
Hypnotize,rejection,02:33,160,移动版v5.9.0(2024/07/30),3.5,3,518,én,7.0,7,761,én,8.9,8+,993,én,,,,,9.9,9+,1164,én × nitro「The Radical」,https://arcwiki.mcd.blue/Hypnotize
Ashen 6oundary,YUKIYANAGI,02:28,172,移动版v5.9.0(2024/07/30),4.5,4,702,[NITRO],7.8,7+,813,[NITRO],9.9,9+,1183,[NITRO],,,空,[NITRO],,,,,https://arcwiki.mcd.blue/Ashen_6oundary
Swan Song,void (Mournfinale),02:43,148,移动版v6.0.0(2024/11/21),3.0,3,563,小終点,7.5,7,719,小終点,9.9,9+,1225,小終点,,,空,,,,,,https://arcwiki.mcd.blue/Swan_Song
Shinchoku Doudesuka?,sumijun feat. ななひら,02:24,199,移动版v6.3.2(2025/3/27),3.5,3,595,明日から頑張る,7.5,7,743,今からやります,8.8,8+,957,もう少し待っててね,,,,,9.9,9+,1162,進捗ダメです,https://arcwiki.mcd.blue/Shinchoku_Doudesuka%3F
SOUNDWiTCH,HATE,01:45,170,移动版v1.5.0(2017/11/03),3.5,3,315,NiTRO,6.5,6,488,NiTRO,9.8,9+,785,NiTRO,,,空,NiTRO,,,,,https://arcwiki.mcd.blue/SOUNDWiTCH
Memory Forest,ETIA.,02:24,178,移动版v1.6.0(2018/03/23),3.5,3,639,Kurorak,6.0,6,726,Kurorak,9.8,9+,978,Kurorak,,,空,Kurorak,,,,,https://arcwiki.mcd.blue/Memory_Forest
Linear Accelerator,THE SHAFT,02:01,200-211.9,移动版v1.8.0(2018/10/07),2.5,2,438,THE TOAST,6.5,6,488,THE TOAST,9.8,9+,905,THE TOAST,,,空,THE TOAST,,,,,https://arcwiki.mcd.blue/Linear_Accelerator
Black Territory,DJ Myosuke,02:19,200,移动版v2.0.0(2019/03/21),3.0,3,627,NitroNukeδ,7.5,7,785,NitroNukeδ,9.8,9+,1195,NitroNukeδ,,,空,NitroNukeδ,,,,,https://arcwiki.mcd.blue/Black_Territory
Corruption,3R2,02:25,170,移动版v2.0.0(2019/03/21),3.0,3,664,₸öα$†ε₹,6.5,6,847,₸öα$†ε₹,9.8,9+,1293,₸öα$†ε₹,,,空,₸öα$†ε₹,,,,,https://arcwiki.mcd.blue/Corruption
Heavenly caress,Noah,02:15,241,移动版v2.4.3(2019/10/26),3.5,3,855,Toaster,7.5,7,909,Toaster,9.8,9+,1560,Toaster,,,空,Toaster,,,,,https://arcwiki.mcd.blue/Heavenly_caress
Einherjar Joker,DJ Genki vs Gram,02:18,222,移动版v2.5.0(2020/01/21),4.0,4,582,Requiem TaroNuke,7.0,7,767,Requiem TaroNuke,9.8,9+,1159,Requiem TaroNuke,10.9,10+,1857,~REQUIEM~ 夜浪,,,,,https://arcwiki.mcd.blue/Einherjar_Joker
Lost Desire,Powerless feat. Sennzai,02:38,170,移动版v3.0.0(2020/05/27),4.0,4,684,Darkest Dream,7.8,7+,871,Darkest Dream,9.8,9+,1154,Darkest Dream,,,空,Darkest Dream,,,,,https://arcwiki.mcd.blue/Lost_Desire
Altale,Sakuzyo,02:32,83-90,移动版v3.0.0(2020/05/27),2.5,2,357,Kurorak,5.5,5,424,Kurorak,9.8,9+,690,Kurorak,10.0,10,1074,nora::neko << fantasy,,,,,https://arcwiki.mcd.blue/Altale
Scarlet Cage,Daisuke Kurosawa,02:37,166,移动版v3.0.3(2020/07/08),4.0,4,570,赤Nitro,7.5,7,711,赤Nitro,9.8,9+,1195,赤Nitro,,,空,赤Nitro,,,,,https://arcwiki.mcd.blue/Scarlet_Cage
Got hive of Ra,E.G.G.,02:06,268,移动版v3.2.0(2020/9/16),3.0,3,322,Groove Nitro,6.5,6,509,Groove Nitro,9.8,9+,794,Groove Nitro,,,空,Groove Nitro,,,,,https://arcwiki.mcd.blue/Got_hive_of_Ra
Xeraphinite,BlackY,02:24,146,移动版v3.2.2(2020/10/30)(2020/11/19正式开放购买),3.0,3,383,東星※空の宝石,7.5,7,643,東星※空の宝石,9.8,9+,1048,東星※空の宝石,,,空,東星※空の宝石,,,,,https://arcwiki.mcd.blue/Xeraphinite
Far Away Light,technoplanet feat. はるの & 黒沢ダイスケ,02:29,180-216,移动版v3.6.0(2021/05/11),4.5,4,656,Toaster,7.8,7+,769,Toaster,9.8,9+,1322,Toaster,,,空,,,,,,https://arcwiki.mcd.blue/Far_Away_Light
THE ULTIMACY,aran vs Massive New Krew,02:28,200,移动版v3.6.4(2021.6.30),3.0,3,749,東星 vs Toaster,7.0,7,919,東星 vs Toaster,9.8,9+,1304,東星 vs Toaster,,,空,東星 vs Toaster,,,,,https://arcwiki.mcd.blue/THE_ULTIMACY
Mazy Metroplex,aran,02:09,155,移动版v3.8.0(2021/08/10),3.0,3,453,Exschwasion,7.8,7+,704,Exschwasion,9.8,9+,952,Exschwasion,,,空,Exschwasion,,,,,https://arcwiki.mcd.blue/Mazy_Metroplex
Ascent,TANUKI,02:24,145,移动版v3.9.0(2021/11/11),3.0,3,455,CER↑NG,6.0,6,626,CER↑NG,9.8,9+,1023,Exschwas↑on with CER↑NG,,,空,CER↑NG,,,,,https://arcwiki.mcd.blue/Ascent
Haze of Autumn,karatoPαnchii feat.はるの,02:32,180,移动版v3.11.0(2021/12/24),3.5,3,533,秋のén,7.0,7,733,秋のén,9.8,9+,1077,秋のén,,,空,秋のén,,,,,https://arcwiki.mcd.blue/Haze_of_Autumn
init(),kamome sano,02:24,180,移动版v3.11.2(2022/1/20),4.0,4,713,Toaster,7.5,7,957,Toaster,9.8,9+,1204,Toaster,,,空,Toaster,,,,,https://arcwiki.mcd.blue/Init()
Macrocosmic Modulation,JAKAZiD,02:27,170,移动版v3.12.0(2022/02/17),4.0,4,608,Exschwas↕on,7.8,7+,794,Exschwas↕on,9.8,9+,1117,Exschwas↕on,,,空,Exschwas↕on,,,,,https://arcwiki.mcd.blue/Macrocosmic_Modulation
Protoflicker,Silentroom,02:48,140,移动版v3.12.8(2022/04/28),3.0,3,510,antymis <prototype>,7.0,7,633,antymis <prototype>,9.8,9+,1042,antymis <prototype>,,,空,,,,,,https://arcwiki.mcd.blue/Protoflicker
Defection,TeddyLoid feat. DELTA,02:30,160,移动版v4.0.0(2022/07/07),3.5,3,588,Monolith Incarnate,6.5,6,800,Monolith Incarnate,9.8,9+,1141,Monolith Incarnate,,,空,Monolith Incarnate,,,,,https://arcwiki.mcd.blue/Defection
Callima Karma,t+pazolite vs Feryquitous,02:41,95,移动版v4.0.255(2022/07/13),3.5,3,1024,Forlorn Dream,7.5,7,989,Forlorn Dream,9.8,9+,1222,Forlorn Dream,,,空,Forlorn Dream,,,,,https://arcwiki.mcd.blue/Callima_Karma
Ai Drew,Feryquitous,02:17,175,移动版v4.1.0(2022/10/04),3.5,3,694,moonquay【新入生】,6.5,6,732,moonquay v.EXPERT,9.8,9+,1066,moonquay v.MASTER,,,空,,,,,,https://arcwiki.mcd.blue/Ai_Drew
FLUFFY FLASH,Kobaryo,02:30,252,移动版v4.1.0(2022/10/04),3.5,3,787,Toaster,6.5,6,946,Toaster,9.8,9+,1329,Toaster,,,空,Toaster,,,,,https://arcwiki.mcd.blue/FLUFFY_FLASH
World Fragments III(radio edit),xi,02:45,200,移动版v4.2.0(v2023/1/26),3.5,3,777,én,7.0,7,999,én,9.8,9+,1387,én supported by Nitro,,,空,,,,,,https://arcwiki.mcd.blue/World_Fragments_III(radio_edit)
Genesis,Morrigan feat.Lily,02:00,150,移动版v4.4.0(2023/03/23),4.0,4,587,Exschwasion,7.0,7,838,Exschwasion,9.8,9+,867,Exschwasion,,,空,Exschwasion,,,,,https://arcwiki.mcd.blue/Genesis_(Morrigan)
Hybris (The one who shattered),qfeileadh feat.のあ,02:42,158,移动版v4.4.6(2023/05/25),4.5,4,757,Exschwasion,7.8,7+,973,Exschwasion,9.8,9+,1196,Exschwasion,,,空,Exschwasion,,,,,https://arcwiki.mcd.blue/Hybris_(The_one_who_shattered)
RGB,MEMODEMO X AQUASINE,02:40,163,移动版v4.7.0(2023/08/18),4.0,4,652,NO₂,7.8,7+,803,NO₂,9.8,9+,1131,NO₂,,,空,NO₂,,,,,https://arcwiki.mcd.blue/RGB
Kanjou no Matenrou ～Arr.Demetori,Demetori,02:33,178,移动版v4.7.2(2023/09/14),3.5,3,736,Exschwasion,6.5,6,929,Exschwasion,9.8,9+,1294,N•Ex•T,,,空,,,,,,https://arcwiki.mcd.blue/Kanjou_no_Matenrou_%EF%BD%9EArr.Demetori
To the Furthest Dream,ii/night feat. 綺良雪,02:36,183,移动版v4.7.2(2023/09/14)(2023/10/27开放购买),4.5,4,836,　,8.5,8,994,　,9.8,9+,1102,　,,,空,,,,,,https://arcwiki.mcd.blue/To_the_Furthest_Dream
Technicolour,Maozon,02:31,175,移动版v5.0.0(2023/09/27),3.5,3,644,KLMNOP,7.0,7,812,KLMNOP,9.8,9+,1140,KLMNOP,,,空,KLMNOP,,,,,https://arcwiki.mcd.blue/Technicolour
Nameless Passion,天束 feat.Sennzai,02:37,200,移动版v5.1.0(2023/10/27),3.0,3,681,Luxance,7.0,7,890,Luxance,9.8,9+,1223,Luxance,,,空,Luxance,,,,,https://arcwiki.mcd.blue/Nameless_Passion
Ouvertüre,USAO & DJ Genki feat. ルーン(CV:河瀬茉希),02:21,200,移动版v5.2.0(2023/11/30),2.5,2,583,るくあんす,7.5,7,786,るくあんす,9.8,9+,913,るくあんす,,,空,るくあんす,,,,,https://arcwiki.mcd.blue/Ouvert%C3%BCre
LIVHT MY WΔY,かめりあ feat. STΔRLIVHT,02:01,190,移动版v5.2.2(2023/12/21),4.5,4,673,"k//eternal + nitro
""ephemeral past""",7.5,7,738,"k//eternal + nitro
""recursive present""",9.8,9+,954,"k//eternal + nitro
""convergent future""",,,空,,,,,,https://arcwiki.mcd.blue/LIVHT_MY_W%CE%94Y
MORNINGLOOM,saaa,02:18,102,移动版v5.5.0(2024/03/25),3.0,3,710,Exschwasion • 8:00,6.5,6,829,Exschwasion • 8:21,8.8,8+,940,Exschwasion • 8:45,,,,,9.8,9+,1035,Exschwasion • 8:46,https://arcwiki.mcd.blue/MORNINGLOOM
Old School Salvage,DJ SHARPNEL,02:46,205,移动版v5.7.0(2024/05/30),4.0,4,705,antymis,7.8,7+,950,antymis,9.8,9+,1316,antymis + Nitro,,,空,antymis,,,,,https://arcwiki.mcd.blue/Old_School_Salvage
HYPER VISION,VOLTA,02:37,155,移动版v5.8.0(2024/06/27),4.5,4,639,NITRO,7.5,7,839,NITRO,9.8,9+,1040,NITRO,,,空,NITRO,,,,,https://arcwiki.mcd.blue/HYPER_VISION
shrink,Shohei Tsuchiya(ZUNTATA),02:02,180,移动版v5.9.0(2024/07/30),3.5,3,451,Dec18,7.0,7,660,Dec18,9.8,9+,939,Dec18,,,空,,,,,,https://arcwiki.mcd.blue/Shrink
Waltz for Lorelei,Sobrem & 庭師,02:13,220,移动版v5.10.0(2024/08/29),2.5,2,664,antymis,5.5,5,814,antymis,8.8,8+,916,antymis,,,,,9.8,9+,999,antymis,https://arcwiki.mcd.blue/Waltz_for_Lorelei
Crimson Quartz,DiGiTAL WiNG with 空音,02:43,145,移动版v5.10.6(2024/10/24),3.0,3,569,raycast,6.0,6,615,raycast,8.8,8+,861,raycast,,,,,9.8,9+,1200,raycast,https://arcwiki.mcd.blue/Crimson_Quartz
LiftOff,MAYA AKAI,02:15,137,移动版v6.0.0(2024/11/21),3.0,3,459,Luxance's Case-Book,6.5,6,500,Luxance's Case-Book,8.2,8,660,Luxance's Case-Book,,,,,9.8,9+,988,Luxance's Case-Book,https://arcwiki.mcd.blue/LiftOff
Ignition,パソコン音楽クラブ,02:16,160,移动版v6.1.0(2024/12/19),3.5,3,578,るくあんす,6.0,6,621,るくあんす,9.8,9+,994,るくあんす,,,空,,,,,,https://arcwiki.mcd.blue/Ignition
yomibito_shirazu,Limonène (サノカモメ+月島春果),02:26,188,移动版v6.2.0(2025/1/23),4.5,4,641,<!-- raycast -->,8.0,8,764,<!-- raycast -->,9.8,9+,1075,<!-- raycast -->,,,空,<!-- raycast -->,,,,,https://arcwiki.mcd.blue/Yomibito_shirazu
Lethaeus,Silentroom,02:23,155,移动版v1.1.4(2017/08/10),3.5,3,480,夜浪,6.5,6,717,夜浪,9.7,9+,900,夜浪,,,空,夜浪,,,,,https://arcwiki.mcd.blue/Lethaeus
The Message,Jun Kuroda,02:20,202,移动版v1.7.0(2018/07/16),3.0,3,536,Toaster,6.5,6,630,Toaster,9.7,9+,992,Toaster,,,空,Toaster,,,,,https://arcwiki.mcd.blue/The_Message
Sulfur,ぺのれり,02:19,182,移动版v1.7.0(2018/07/16),4.0,4,458,Shirorak,6.0,6,608,Shirorak,9.7,9+,1045,Shirorak,,,空,Shirorak,,,,,https://arcwiki.mcd.blue/Sulfur
Fallensquare,Silentroom,02:30,99,移动版v1.7.2(2018/08/13),3.0,3,316,Haruba,7.5,7,486,Haruba,9.7,9+,703,Haruba,,,空,Haruba,,,,,https://arcwiki.mcd.blue/Fallensquare
DX Choseinou Full Metal Shojo,IOSYS TRAX (uno with.ちよこ),01:55,160,移动版v1.9.0(2019/01/09),3.0,3,327,DX譜面作者フルメタルNitro,6.0,6,556,DX譜面作者フルメタルNitro,9.7,9+,808,DX譜面作者フルメタルNitro,,,空,DX譜面作者フルメタルNitro,,,,,https://arcwiki.mcd.blue/DX_Choseinou_Full_Metal_Shojo
SUPERNOVA,BACO,02:38,150,移动版v2.0.3(2019/05/02),3.0,3,664,東超新星,6.0,6,564,東超新星,9.7,9+,1123,東超新星,,,空,東超新星,,,,,https://arcwiki.mcd.blue/SUPERNOVA
Dreadnought,Mastermind (xi + nora2r),02:20,96-384,移动版v2.2.0(2019/07/18),4.0,4,715,Nitro,7.0,7,897,Nitro,9.7,9+,1099,Astronomer (Toaster + 東星),,,空,Nitro,,,,,https://arcwiki.mcd.blue/Dreadnought
Monochrome Princess,polysha,02:17,160,移动版v2.4.3(2019/10/26),4.5,4,621,N↕TRO,7.8,7+,756,N↕TRO,9.7,9+,974,N↕TRO,,,空,N↕TRO,,,,,https://arcwiki.mcd.blue/Monochrome_Princess
Filament,Puru,02:22,170,移动版v2.4.5(2019/11/182019/11/24开放购买),4.5,4,582,Toaster,7.8,7+,780,Toaster,9.7,9+,991,Toaster,,,空,Toaster,,,,,https://arcwiki.mcd.blue/Filament
BATTLE NO.1,TANO*C Sound Team,02:12,200,移动版v2.4.9(2020/1/15),3.5,3,476,Nitro,6.5,6,677,Nitro,9.7,9+,1042,Arcaea Team,,,空,Nitro,,,,,https://arcwiki.mcd.blue/BATTLE_NO.1
BLRINK,Sta,02:43,115,移动版v2.5.3(2020/03/09),3.5,3,400,過去の縁,7.8,7+,683,現在の縁,9.7,9+,1015,未来の縁,,,空,,,,,,https://arcwiki.mcd.blue/BLRINK
amygdata,nitro,02:38,154,移动版v2.6.0(2020/03/25),4.0,4,504,Nitro,7.5,7,711,Nitro,9.7,9+,1199,Nitro,,,空,Nitro,,,,,https://arcwiki.mcd.blue/Amygdata
Black Lotus,wa.,01:55,200,移动版v3.0.0(2020/05/27),3.0,3,653,Exschwasion,6.5,6,687,Exschwasion,9.7,9+,965,Exschwasion,,,空,Exschwasion,,,,,https://arcwiki.mcd.blue/Black_Lotus
BADTEK,EBIMAYO,01:57,190,移动版v3.1.0(2020/08/21),4.0,4,532,Toaster,7.0,7,595,Toaster,9.7,9+,916,BADTOAST ft. Kurorak,,,空,Toaster,,,,,https://arcwiki.mcd.blue/BADTEK
Heart Jackin',Yu_Asahina,02:37,160,移动版v3.3.1(2020/12/09),3.0,3,506,TaroNuke + Nitro,5.5,5,543,TaroNuke + Nitro,9.7,9+,1112,TaroNuke + Nitro,,,空,TaroNuke + Nitro,,,,,https://arcwiki.mcd.blue/Heart_Jackin%27
Dazzle hop,Sampling Masters MEGA,02:10,220,移动版v3.4.0(2020/12/17),3.5,3,561,Kuro rak,6.5,6,571,Kuro rak,9.7,9+,1022,Kuro rak,,,空,Kuro rak,,,,,https://arcwiki.mcd.blue/Dazzle_hop
Vandalism,Ashrount,02:30,194,移动版v3.6.0(2021/05/11),3.5,3,668,Kurorak,7.0,7,685,Kurorak,9.7,9+,1087,Kurorak,,,空,,,,,,https://arcwiki.mcd.blue/Vandalism
AlterAle,Arik Kau Delay (アラ＆かゆき＆でり）,02:27,220-245,移动版v3.7.0(2021/07/21),3.0,3,728,CERiNG,6.0,6,881,CERiNG,9.7,9+,1277,CERiNG,,,空,,,,,,https://arcwiki.mcd.blue/AlterAle
goldenslaughterer,zts,03:04,133,移动版v3.8.6(2021/09/29),4.0,4,864,Exschwasion,6.5,6,880,Exschwasion,9.7,9+,1326,Exschwasion,,,空,Exschwasion,,,,,https://arcwiki.mcd.blue/Goldenslaughterer
nέο κόsmo,ak+q × Street,02:13,190,移动版v3.10.0(2021/12/09),4.0,4,603,Nitro × Toaster,7.8,7+,791,Nitro × Toaster,9.7,9+,979,Nitro × Toaster,,,空,Nitro × Toaster,,,,,https://arcwiki.mcd.blue/N%CE%AD%CE%BF_%CE%BA%CF%8Csmo
μ,Frums,02:30,140-190,移动版v3.12.10(2022/5/25),3.5,3,825,N↕TRO v1.0.5,7.5,7,986,N↕TRO v1.0.5,9.7,9+,1256,N↕TRO v1.0.5,,,空,N↕TRO v1.0.5,,,,,https://arcwiki.mcd.blue/%CE%9C
Loveless Dress,かねこちはる,02:44,99,移动版v4.0.255(2022/07/13),3.5,3,537,Final Prayer,6.5,6,630,Final Prayer,9.7,9+,850,Final Prayer,,,空,Final Prayer,,,,,https://arcwiki.mcd.blue/Loveless_Dress
Last | Eternity,onoken,2:27,175,Arcaea,,4,680,674,,7,781,777,,9,9,9+,9.7,TBA,TBA,TBA,,,,,https://arcwiki.mcd.blue/Last
Let's Rock (Arcaea mix),ikaruga_nex vs FALCHiON,02:27,210,移动版v4.3.0(2023/03/02),3.0,3,541,Luxance,7.0,7,963,Luxance,9.7,9+,1177,Luxance,,,空,Luxance,,,,,https://arcwiki.mcd.blue/Let%27s_Rock_(Arcaea_mix)
Lost in the Abyss,FELT,02:49,183,移动版v4.4.6(2023/05/25),3.5,3,907,Nitro,6.5,6,908,Nitro,9.7,9+,1179,Nitro,,,空,Nitro,,,,,https://arcwiki.mcd.blue/Lost_in_the_Abyss
SACRIFICE feat. ayame,Masayoshi Minoshima(ALR),02:14,180,移动版v4.7.0(2023/08/18),3.5,3,548,Luxance,7.5,7,779,Luxance,9.7,9+,958,Luxance,,,空,,,,,,https://arcwiki.mcd.blue/SACRIFICE_feat._ayame
B.B.K.K.B.K.K.,nora2r,02:18,170,移动版v5.0.0(2023/09/27),4.5,4,669,E.E.X.X.E.X.X.,7.0,7,708,E.E.X.X.E.X.X.,9.7,9+,976,E.E.X.X.E.X.X.,,,空,,,,,,https://arcwiki.mcd.blue/B.B.K.K.B.K.K.
Hotarubi no Yuki,Endorfin.,02:40,159,移动版v5.2.6(2024/01/12),3.5,3,589,0°Nitro,7.0,7,733,0°Nitro,9.7,9+,991,0°Nitro,,,空,0°Nitro,,,,,https://arcwiki.mcd.blue/Hotarubi_no_Yuki
Luna Rossa,r0y,01:59,174,移动版v5.3.0(2024/01/25),3.0,3,443,Luxance,6.0,6,578,Luxance,9.7,9+,920,Luxance,,,空,Luxance,,,,,https://arcwiki.mcd.blue/Luna_Rossa
Innocence,Powerless feat. Sennzai,02:34,190,移动版v5.4.0(2024/03/08),3.0,3,734,First Dawn,6.5,6,811,First Dawn,8.5,8,1023,First Dawn,,,,,9.7,9+,1157,First Dawn,https://arcwiki.mcd.blue/Innocence
IONOSTREAM,Tatsh,02:12,220-254,移动版v5.4.0(2024/03/08),3.5,3,845,Nitro,6.0,6,890,Nitro,8.7,8+,818,Dec18 + Nitro,,,,,9.7,9+,871,Dec18 + Nitro,https://arcwiki.mcd.blue/IONOSTREAM
Awaken In Ruins,Supa7onyz,02:17,125,移动版v5.5.0(2024/03/25),3.5,3,412,antymis,7.5,7,570,antymis,9.7,9+,754,antymis,,,空,,,,,,https://arcwiki.mcd.blue/Awaken_In_Ruins
Hailstone,Kazki Misora,02:09,180,移动版v5.10.4(2024/09/26),3.5,3,534,raycast,7.0,7,651,raycast,9.7,9+,1002,raycast,,,空,,,,,,https://arcwiki.mcd.blue/Hailstone
Last Goodbye,Toby Fox,02:18,180,移动版v6.3.0(2025/3/9),2.5,2,497,Luxance,6.5,6,605,Luxance,8.2,8,727,Luxance,,,,,9.7,9+,911,Good night.,https://arcwiki.mcd.blue/Last_Goodbye
Black Mirror on the Wall,暁Records,02:32,130,移动版v6.3.2(2025/3/27),3.5,3,471,Nitro,6.5,6,613,Nitro,8.6,8,735,Nitro,,,,,9.7,9+,894,KLMNOP,https://arcwiki.mcd.blue/Black_Mirror_on_the_Wall
τ (tau),Wooden,02:23,155,移动版v6.4.0(2025/4/24),4.5,4,553,ə (exschwasion),7.8,7+,798,ə (exschwasion),9.7,9+,1057,ə (exschwasion),,,空,,,,,,https://arcwiki.mcd.blue/%CE%A4_(tau)
Quon,Feryquitous,02:23,189,移动版v1.5.5(2018/02/01),4.0,4,547,Nitro,6.5,6,718,Nitro,9.6,9,991,Nitro,,,空,Nitro,,,,,https://arcwiki.mcd.blue/Quon_(Feryquitous)
carmine:scythe,かゆき,02:21,165,移动版v1.6.2(2018/04/29),4.0,4,493,週刊Toaster,7.8,7+,710,週刊Toaster,9.6,9,1164,週刊Toaster,,,空,週刊Toaster,,,,,https://arcwiki.mcd.blue/Carmine:scythe
LunarOrbit -believe in the Espebranch road-,Apo11o program ft. 大瀬良あい,02:21,192,移动版v1.7.4(2018/08/31),3.5,3,624,月刊Toaster,6.0,6,757,月刊Toaster,9.6,9,1058,月刊Toaster,,,空,月刊Toaster,,,,,https://arcwiki.mcd.blue/LunarOrbit_-believe_in_the_Espebranch_road-
Astral tale,Noah,02:28,134,移动版v1.8.1(2018/11/08),4.5,4,445,Nitro,7.0,7,642,Nitro,9.6,9,884,Nitro,,,空,Nitro,,,,,https://arcwiki.mcd.blue/Astral_tale
Vindication,Laur,02:29,174,移动版v2.2.0(2019/07/18),4.0,4,721,Toaster,6.5,6,899,Toaster,9.6,9,1075,Nitro vs Toaster,,,空,Toaster,,,,,https://arcwiki.mcd.blue/Vindication
A Wandering Melody of Love,からとPαnchii少年 feat.はるの,02:13,165,移动版v2.3.0(2019/08/22),3.5,3,422,恋のToaster,7.5,7,670,恋のToaster,9.6,9,931,恋のToaster,,,空,恋のToaster,,,,,https://arcwiki.mcd.blue/A_Wandering_Melody_of_Love
Avant Raze,Sampling Masters MEGA,02:13,200,移动版v2.4.7(2019/12/9),3.5,3,580,Avant Toast,6.5,6,727,Avant Toast,9.6,9,1125,Avant Toast,,,空,Avant Toast,,,,,https://arcwiki.mcd.blue/Avant_Raze
Purple Verse,Hommarju,02:25,170,移动版v3.3.0(2020/12/03),4.0,4,558,Exschwasion,7.5,7,664,Exschwasion,9.6,9,1023,Exschwasion,10.6,10,1202,/ERROR/ 絶滅,,,,,https://arcwiki.mcd.blue/Purple_Verse
Lazy Addiction,sky_delta,02:23,185,移动版v3.4.0(2020/12/17),2.5,2,462,Nitro without Toaster.,6.0,6,647,Nitro without Toaster.,9.6,9,1031,Nitro without Toaster.,,,空,Nitro without Toaster.,,,,,https://arcwiki.mcd.blue/Lazy_Addiction
ENERGY SYNERGY MATRIX,Tanchiky,02:03,160,移动版v3.8.4(2021/09/08),3.5,3,471,POWER NITRO,7.0,7,608,POWER NITRO,9.6,9,922,POWER NITRO,10.3,10,1011,白亜紀と古第三紀の間の大量絶滅,,,,,https://arcwiki.mcd.blue/ENERGY_SYNERGY_MATRIX
Last,onoken,2:27,175,Arcaea,4.0,4,680,674,7.0,7,781,777,9.0,9,9,9+,9.6,TBA,TBA,TBA,,,,,https://arcwiki.mcd.blue/Last
Heart,削除 (Violin : Katali),02:29,80,移动版v4.1.0(2022/10/04),1.0,1,428,écologie (from SEGA),5.0,5,575,écologie (from SEGA),9.6,9,872,écologie (from SEGA),,,空,écologie (from SEGA),,,,,https://arcwiki.mcd.blue/Heart
Remind the Souls (Short Version),Nhato,02:39,130,移动版v5.0.0(2023/09/27),3.5,3,561,Nitro,7.0,7,756,Nitro,9.6,9,945,Nitro,,,空,,,,,,https://arcwiki.mcd.blue/Remind_the_Souls_(Short_Version)
Stratoliner,C-Show,02:05,175,移动版v5.2.0(2023/11/30),3.5,3,535,Exschwasion,6.5,6,702,Exschwasion,9.6,9,877,Exschwasion,,,空,,,,,,https://arcwiki.mcd.blue/Stratoliner
Alone & Lorn,Ponchi♪ feat.はぁち,02:19,100,移动版v5.2.0(2023/11/30),3.0,3,643,én,6.5,6,742,én,9.6,9,970,én & KLMNOP,,,空,én,,,,,https://arcwiki.mcd.blue/Alone_%26_Lorn
epitaxy,Camellia,02:50,183,移动版v5.10.0(2024/08/29),3.0,3,826,Dec18,6.0,6,939,Dec18,8.6,8,1177,Dec18,,,,,9.6,9,1410,Dec18,https://arcwiki.mcd.blue/Epitaxy
DataErr0r,Cosmograph,02:05,180,移动版v1.1.0(2017/06/02),3.0,3,502,ToastErr0r,7.0,7,785,ToastErr0r,9.5,9,955,ToastErr0r,,,空,ToastErr0r,,,,,https://arcwiki.mcd.blue/DataErr0r
Cybernecia Catharsis,Tanchiky,02:10,184,移动版v1.6.4(2018/06/01),4.0,4,377,Kero,7.0,7,655,Kero,9.5,9,946,Kero + Nitro,9.8,9+,991,antymis,,,,,https://arcwiki.mcd.blue/Cybernecia_Catharsis
Illegal Paradise,gmtn. (witch's slave),02:34,168,移动版v1.7.0(2018/07/16),2.0,2,535,k//eternal,7.0,7,585,k//eternal,9.5,9,1061,k//eternal+nitro,,,空,k//eternal,,,,,https://arcwiki.mcd.blue/Illegal_Paradise
STAGER (ALL STAGE CLEAR),Ras,02:26,145,移动版v1.8.0(2018/10/07),3.0,3,453,KURORAK,6.5,6,559,KURORAK,9.5,9,1004,KURORAK,,,空,KURORAK,,,,,https://arcwiki.mcd.blue/STAGER_(ALL_STAGE_CLEAR)
OMAKENO Stroke,t+pazolite,01:56,240,移动版v1.9.0(2019/01/09),3.0,3,502,Kurorak,6.5,6,616,Kurorak,9.5,9,869,Kurorak,10.3,10,931,NITRO,,,,,https://arcwiki.mcd.blue/OMAKENO_Stroke
MAHOROBA,Zekk,02:02,195,移动版v3.0.6(2020/08/07),3.0,3,422,Nitro,6.5,6,632,Nitro,9.5,9,828,TaroNuke + Nitro,,,空,Nitro,,,,,https://arcwiki.mcd.blue/MAHOROBA
ΟΔΥΣΣΕΙΑ,Sober Bear,02:24,174,移动版v3.6.0(2021/05/11),4.0,4,717,ΤΟΑΣΤΕΡ,7.8,7+,909,ΤΟΑΣΤΕΡ,9.5,9,1092,ΤΟΑΣΤΕΡ,,,空,,,,,,https://arcwiki.mcd.blue/%CE%9F%CE%94%CE%A5%CE%A3%CE%A3%CE%95%CE%99%CE%91
Evening in Scarlet,Freezer feat.妃苺,02:08,170,移动版v3.8.2(2021/08/24),4.0,4,530,Nitroだー！,7.0,7,638,Nitroだー！,9.5,9,922,Nitroだー！,,,空,Nitroだー！,,,,,https://arcwiki.mcd.blue/Evening_in_Scarlet
NULCTRL,Silentroom,02:31,100,移动版v3.12.0(2022/02/17),3.0,3,407,moonquay [CON],7.5,7,410,moonquay [AUX],9.5,9,715,moonquay [NUL],,,空,,,,,,https://arcwiki.mcd.blue/NULCTRL
GIMMICK,Ms.Sill,02:04,143,移动版v4.4.4(2023/04/27),2.5,2,421,Nitro,6.5,6,598,Nitro,9.5,9,733,antymis + Nitro,,,空,Nitro,,,,,https://arcwiki.mcd.blue/GIMMICK
Dynitikós,Prower,02:34,180,移动版v5.0.0(2023/09/27),4.0,4,683,Exschwasión,7.5,7,894,Exschwasión,9.5,9,986,Exschwasión,,,空,Exschwasión,,,,,https://arcwiki.mcd.blue/Dynitik%C3%B3s
Transient Space,"sleepless, Gardens, aspect",02:38,115-132,移动版v5.1.0(2023/10/27),2.5,2,419,CERiNG -liminal-,7.0,7,607,CERiNG -liminal-,9.5,9,805,CERiNG -liminal-,,,空,CERiNG -liminal-,,,,,https://arcwiki.mcd.blue/Transient_Space
felys final remix,onoken,02:50,180,移动版v5.2.2(2023/12/21),3.0,3,626,Dec18,6.5,6,771,Dec18,9.5,9,1130,Dec18,,,空,Dec18,,,,,https://arcwiki.mcd.blue/Felys_final_remix
On And On!! feat. Jenga,ETIA.,02:03,170,移动版v5.2.2(2023/12/21),3.0,3,370,én and én!!,7.0,7,616,én and én!!,9.5,9,836,én and én!!,,,空,én and én!!,,,,,https://arcwiki.mcd.blue/On_And_On!!_feat._Jenga
Jingle,DJ Noriken,02:47,170,移动版v5.4.0(2024/03/08),2.5,2,530,Exschwasion,5.5,5,741,Exschwasion,7.8,7+,848,Exschwasion,,,,,9.5,9,1047,KLMNOP,https://arcwiki.mcd.blue/Jingle
〇、,Kolaa & 熊子,02:18,145,移动版v5.5.0(2024/03/25),2.5,2,368,CERiNG、,6.5,6,519,CERiNG、,9.5,9,708,CERiNG、,,,空,CERiNG、,,,,,https://arcwiki.mcd.blue/%E3%80%87%E3%80%81
In Vain,ryhki,02:33,165,移动版v5.9.0(2024/7/30),3.5,3,562,CERiNG,6.5,6,677,CERiNG,9.5,9,1111,CERiNG,,,空,,,,,,https://arcwiki.mcd.blue/In_Vain
astral.exe,Synzak & Laxeno57,02:35,174,移动版v6.0.0(2024/11/21),3.0,3,654,antymis.exe,6.0,6,734,antymis.exe,9.5,9,1059,antymis.exe,,,空,,,,,,https://arcwiki.mcd.blue/Astral.exe
Party Vinyl,モリモリあつし,01:50,132,移动版v1.0.11(2017/05/11),4.0,4,337,Party Toaster,7.8,7+,543,Party Toaster,9.4,9,800,Party Toaster,10.3,10,946,Party Exschwasion,,,,,https://arcwiki.mcd.blue/Party_Vinyl
CROSS†SOUL,HyuN feat. Syepias,02:19,200,移动版v1.1.0(2017/06/02),4.0,4,606,k//eternal,7.0,7,823,k//eternal,9.4,9,1081,k//eternal,,,空,k//eternal,,,,,https://arcwiki.mcd.blue/CROSS%E2%80%A0SOUL
Your voice so... feat. Such,PSYQUI,02:30,176,移动版v1.1.0(2017/06/02),3.5,3,469,Nitro,6.5,6,677,Nitro,9.4,9,1013,Nitro,,,空,Nitro,,,,,https://arcwiki.mcd.blue/Your_voice_so..._feat._Such
Impure Bird,MIssionary,01:56,184,移动版v1.1.3(2017/07/18),2.0,2,350,Kurorak,5.5,5,518,Kurorak,9.4,9,805,Kurorak,,,空,Kurorak,,,,,https://arcwiki.mcd.blue/Impure_Bird
Dreamin' Attraction!!,翡乃イスカ,02:19,205,移动版v1.5.0(2017/11/03),4.5,4,592,Nitro,7.0,7,785,Nitro,9.4,9,1129,Nitro,,,空,Nitro,,,,,https://arcwiki.mcd.blue/Dreamin%27_Attraction!!
Red and Blue,Silentroom / fn(Arcaea Sound Team) [Beyond],2:01 / 2:36 [Beyond],150 / 160 [Beyond],移动版v1.5.0(2017/11/03),4.0,4,464,-chartaesthesia- RED side,7.8,7+,597,side BLUE -chartaesthesia-,9.4,9,845,-chartaesthesia- LEFT=BLUE RED=RIGHT,10.2,10,1194,"moonquay ""retrograde"" BLUE=LEFT RIGHT=RED",,,,,https://arcwiki.mcd.blue/Red_and_Blue
Yosakura Fubuki,A.SAKA,02:14,172,移动版v1.5.2(2017/11/24),4.5,4,416,k//eternal,7.0,7,582,k//eternal,9.4,9,931,k//eternal,,,空,k//eternal,,,,,https://arcwiki.mcd.blue/Yosakura_Fubuki
Specta,Junk,02:16,179,移动版v1.5.5(2018/02/01),3.5,3,390,Toaster,6.5,6,706,Toaster,9.4,9,1096,Toaster,,,空,Toaster,,,,,https://arcwiki.mcd.blue/Specta
Be There,PSYQUI,02:11,164,移动版v1.6.4(2018/06/01),4.0,4,592,Nitro,7.5,7,792,Nitro,9.4,9,982,Be Nitro,,,空,Nitro,,,,,https://arcwiki.mcd.blue/Be_There
VECTOЯ,WHITEFISTS,02:21,200,移动版v2.0.3(2019/05/02),3.0,3,675,Nitro,7.0,7,1002,Nitro,9.4,9,1299,Nitro,,,空,Nitro,,,,,https://arcwiki.mcd.blue/VECTO%D0%AF
AI[UE]OON,MYUKKE.,02:22,145,移动版v2.3.0(2019/08/22),3.5,3,436,N[I]TRO,6.5,6,623,N[I]TRO,9.4,9,989,N[I]TRO,,,空,N[I]TRO,,,,,https://arcwiki.mcd.blue/AI%EF%BC%BBUE%EF%BC%BDOON
Equilibrium,Maozon,02:17,180,移动版v3.0.0(2020/05/27),3.5,3,587,Kurorak,6.5,6,724,Kurorak,9.4,9,951,Kurorak,,,空,Kurorak,,,,,https://arcwiki.mcd.blue/Equilibrium
Teriqma,owl＊tree,02:26,128,移动版v3.0.5(2020/07/16),3.0,3,345,Nitro,6.5,6,579,Nitro,9.4,9,873,Nitro,9.7,9+,954,én 200716,,,,,https://arcwiki.mcd.blue/Teriqma
CROSS†OVER,HyuN feat. LyuU,02:30,200,移动版v3.2.1(2020/10/07),4.0,4,653,Exschwasion,6.5,6,810,Exschwasion,9.4,9,1094,Exschwasion,,,空,Exschwasion,,,,,https://arcwiki.mcd.blue/CROSS%E2%80%A0OVER
Lapis,SHIKI,02:18,146,移动版v3.2.2(2020/10/30),2.0,2,391,CERiNG,6.0,6,520,CERiNG,9.4,9,920,CERiNG,,,空,CERiNG,,,,,https://arcwiki.mcd.blue/Lapis
Crystal Gravity,Tanchiky vs. siromaru,02:04,178,移动版v3.6.0(2021/05/11),3.5,3,571,Exschwasion,6.5,6,653,Exschwasion,9.4,9,872,Exschwasion,,,空,,,,,,https://arcwiki.mcd.blue/Crystal_Gravity
with U,t+pazolite & Massive New Krew feat. リリィ(CV:青木志貴),02:20,155,移动版v3.8.0(2021/08/10),2.5,2,448,én,6.5,6,649,én,9.4,9,932,én,,,空,én,,,,,https://arcwiki.mcd.blue/With_U
Let you DIVE! (nitro rmx),nitro (lowiro),02:27,185,移动版v3.8.0(2021/08/10),3.0,3,608,Nitro,6.5,6,819,Nitro,9.4,9,1049,Nitro,,,空,Nitro,,,,,https://arcwiki.mcd.blue/Let_you_DIVE!_(nitro_rmx)
Final Step!,Lime,02:17,180,移动版v3.11.0(2021/12/24),3.5,3,625,CERiNG,6.5,6,684,CERiNG,9.4,9,1056,CERiNG,,,空,CERiNG,,,,,https://arcwiki.mcd.blue/Final_Step!
Sakura Fubuki,Street,01:58,175,移动版v3.12.0(2022/02/17),3.5,3,526,én,6.5,6,571,én,9.4,9,837,én,,,空,,,,,,https://arcwiki.mcd.blue/Sakura_Fubuki
Head BONK ache,saaa ft. MC iwata Bros.,02:25,132-165[1],移动版v3.12.4(2022/03/23),4.0,4,570,Nitro,7.0,7,725,Nitro,9.4,9,1061,Nitro,,,空,Nitro,,,,,https://arcwiki.mcd.blue/Head_BONK_ache
PICO-Pico-Translation!,"t+pazolite,ななひら,Cranky,Pico*",02:20,185,移动版v3.12.8(2022/04/28),2.0,2,543,Translated by én,6.0,6,723,Translated by én,9.4,9,1049,Translated by én,,,空,Translated by én,,,,,https://arcwiki.mcd.blue/PICO-Pico-Translation!
Redraw the Colorless World,MisomyL,02:32,155,移动版v4.0.0(2022/07/07),4.0,4,568,antymis ~無色~,6.5,6,680,antymis ~彩色~,9.4,9,886,antymis ~虹色~,,,空,,,,,,https://arcwiki.mcd.blue/Redraw_the_Colorless_World
MANTIS (Arcaea Ultra-Bloodrush VIP),Akira Complex feat. kiraku,02:34,135,移动版v4.2.0(v2023/1/26),3.0,3,575,ANTyMIS,7.0,7,760,ANTyMIS,9.4,9,1014,ANTyMIS,,,空,ANTyMIS,,,,,https://arcwiki.mcd.blue/MANTIS_(Arcaea_Ultra-Bloodrush_VIP)
DRG,onoken,01:58,155,移动版v4.6.0(2023/07/19),3.5,3,380,_NITRO,7.0,7,624,_HARD,9.4,9,872,_CHAOS,,,空,,,,,,https://arcwiki.mcd.blue/DRG
Raven's Pride,みーに feat. はらもりよしな,02:31,165,移动版v4.7.0(2023/08/18),3.0,3,697,Exschwasion,7.0,7,797,Exschwasion,9.4,9,1030,Exschwasion,,,空,Exschwasion,,,,,https://arcwiki.mcd.blue/Raven%27s_Pride
FANTA5Y,Moon Jelly & YUKIYANAGI,02:22,170,移动版v5.1.0(2023/10/27),3.0,3,536,TOA5TIE,7.0,7,715,TOA5TIE,9.4,9,965,TOA5TIE,,,空,TOA5TIE,,,,,https://arcwiki.mcd.blue/FANTA5Y
FURETE-MITAI,みきとP,02:01,155,移动版v5.10.4(2024/09/26),2.5,2,447,nora::neko,6.0,6,523,nora::neko,8.4,8,763,nora::neko,,,,,9.4,9,841,nora::neko,https://arcwiki.mcd.blue/FURETE-MITAI
Death By Glamour,Toby Fox,02:17,148,移动版v6.3.0(2025/3/9),2.5,2,460,RYCT QUIZ SHOW,5.0,5,470,RYCT COOKING,7.8,7+,610,RYCT NEWS,,,,,9.4,9,912,RYCT THE MUSICAL,https://arcwiki.mcd.blue/Death_By_Glamour
GOODTEK (Arcaea Edit),EBIMAYO,02:06,190,移动版v1.0.4Beta(2017/02/16),4.0,4,449,Nitro,6.5,6,632,Nitro,9.3,9,968,Nitro,9.8,9+,1103,GOODTOAST,,,,,https://arcwiki.mcd.blue/GOODTEK_(Arcaea_Edit)
Oracle,TQ☆,02:22,152,移动版v1.1.2(2017/06/23),3.0,3,425,Nitro,5.5,5,508,Nitro,9.3,9,963,Nitro,,,空,Nitro,,,,,https://arcwiki.mcd.blue/Oracle
Ignotus,ak+q / Arcaea Sound Team [Beyond],02:26 / 02:19 [Beyond],170,移动版v1.1.3(2017/07/18),3.5,3,579,Toaster,6.5,6,809,Toaster,9.3,9,1225,Toaster,9.9,9+,1077,Toaster x 石樂,,,,,https://arcwiki.mcd.blue/Ignotus
Auxesia,ginkiha,02:04,183,移动版v1.1.4(2017/08/11加入游戏2017/08/20开放正式购买),3.5,3,385,Nitroだー！！,6.5,6,648,Nitroだー！,9.3,9,1000,Nitroだー！,,,空,Nitroだー！,,,,,https://arcwiki.mcd.blue/Auxesia
Syro,Mitomoro,02:20,178,移动版v1.5.3(2017/12/21),3.5,3,535,Toaster,6.5,6,829,Toaster,9.3,9,1150,Toaster,,,空,Toaster,,,,,https://arcwiki.mcd.blue/Syro
Blaster,Massive New Krew,02:17,180,移动版v1.5.7(2018/03/09),4.0,4,571,k//urorak,7.0,7,635,k//urorak,9.3,9,1002,k//urorak,,,空,k//urorak,,,,,https://arcwiki.mcd.blue/Blaster
Feels So Right feat. Renko,Mysteka,02:14,180,移动版v3.0.3(2020/07/08),3.5,3,594,Toaster,6.5,6,636,Toaster,9.3,9,947,Toaster,,,空,Toaster,,,,,https://arcwiki.mcd.blue/Feels_So_Right_feat._Renko
Glow,SPACELECTRO,02:18,165,移动版v3.5.0(2021/1/21),4.0,4,504,Exschwasion,7.5,7,666,Exschwasion,9.3,9,916,Exschwasion,,,空,Exschwasion,,,,,https://arcwiki.mcd.blue/Glow
Can I Friend You on Bassbook? Lol,かめりあ feat. ななひら,02:26,128,移动版v3.5.4(2021/04/09),3.0,3,415,トースト食べる？笑,6.5,6,548,トースト食べる？笑,9.3,9,861,トースト食べる？笑,,,空,トースト食べる？笑,,,,,https://arcwiki.mcd.blue/Can_I_Friend_You_on_Bassbook%3F_Lol
Small Cloud Sugar Candy,テヅカ x Aoi feat.桃雛なの,02:13,220,移动版v3.7.0(2021/07/21),3.0,3,548,én,6.5,6,727,én,9.3,9,919,én,,,空,,,,,,https://arcwiki.mcd.blue/Small_Cloud_Sugar_Candy
False Embellishment,影虎。 & ikaruga_nex,02:29,155,移动版v3.7.0(2021/07/21),3.5,3,576,Exschwasion,6.5,6,684,Exschwasion,9.3,9,969,Exschwasion,,,空,,,,,,https://arcwiki.mcd.blue/False_Embellishment
Blocked Library,影虎。,02:14,148,移动版v3.10.0(2021/12/09),3.5,3,449,Exschwasion,6.5,6,622,Exschwasion,9.3,9,850,Exschwasion,,,空,,,,,,https://arcwiki.mcd.blue/Blocked_Library
Lost Emotion feat. nomico,Masayoshi Minoshima(ALR),02:40,172,移动版v4.4.4(2023/04/27),3.5,3,602,ポーカーフェイスのToaster,7.0,7,780,ポーカーフェイスのToaster,9.3,9,1123,ポーカーフェイスのToaster,,,空,ポーカーフェイスのToaster,,,,,https://arcwiki.mcd.blue/Lost_Emotion_feat._nomico
The Formula,Junk,02:23,144,移动版v5.3.0(2024/01/25),3.0,3,427,Dec18,6.0,6,587,Dec18,9.3,9,957,Dec18,,,空,Dec18,,,,,https://arcwiki.mcd.blue/The_Formula
HELLOHELL,暁Records,02:20,155,移动版v5.5.0(2024/03/25),2.5,2,466,én,5.0,5,445,én,7.5,7,673,én,,,,,9.3,9,770,eién,https://arcwiki.mcd.blue/HELLOHELL
Floating World,baker feat. botan,02:39,174,移动版v5.6.0(2024/04/26),3.0,3,753,én,7.0,7,793,én,9.3,9,1047,én,,,空,,,,,,https://arcwiki.mcd.blue/Floating_World
Lost Civilization,Laur vs CK,02:04,75-210,移动版v1.0.3Beta(2017/02/13),4.0,4,462,Toaster,7.0,7,690,Toaster,9.2,9,986,Toaster,9.8,9+,1061,Nitro affected by Nitro,,,,,https://arcwiki.mcd.blue/Lost_Civilization
Anökumene,Jun Kuroda,01:56,186,移动版v1.0.10(2017/04/12),2.5,2,412,Toaster,6.5,6,588,Toaster,9.2,9,851,Toaster,9.9,9+,971,Astral Luxance,,,,,https://arcwiki.mcd.blue/An%C3%B6kumene
Strongholds,Yooh,02:13,105,移动版v1.6.0(2018/03/23),2.5,2,570,TaroNuke,5.0,5,778,TaroNukeΔ,9.2,9,922,TΔroNuke,,,空,TaroNuke,,,,,https://arcwiki.mcd.blue/Strongholds
Rugie,Feryquitous feat.Sennzai,02:24,191,移动版v1.8.1(2018/11/08),3.0,3,566,k//urorak,6.0,6,754,k//urorak,9.2,9,975,k//urorak,,,空,k//urorak,,,,,https://arcwiki.mcd.blue/Rugie
Phantasia,Yunosuke,02:32,153,移动版v1.8.2(2018/11/29),4.0,4,544,Toaster,5.5,5,579,Toaster,9.2,9,952,Toaster,,,空,Toaster,,,,,https://arcwiki.mcd.blue/Phantasia
Libertas,Zekk,02:11,160,移动版v1.9.2(2019/02/11),3.5,3,476,Kurorak,5.5,5,514,Kurorak,9.2,9,947,Kurorak + Nitro,10.5,10,1048,Exschwasion -unbound-,,,,,https://arcwiki.mcd.blue/Libertas
Alice à la mode,Masanori Akita,02:30,80-134,移动版v3.3.0(2020/12/03),2.5,2,436,Toaster,6.5,6,618,Toaster,9.2,9,872,Toaster,,,空,Toaster,,,,,https://arcwiki.mcd.blue/Alice_%C3%A0_la_mode
Dancin' on a Cat's Paw,Ino(chronoize),02:17,148,移动版v3.12.8(2022/04/28),3.0,3,417,antymis,6.0,6,593,antymis,9.2,9,891,antymis,,,空,antymis,,,,,https://arcwiki.mcd.blue/Dancin%27_on_a_Cat%27s_Paw
cocoro*cosmetic,KOTONOHOUSE,02:40,144,移动版v4.1.4(2022/11/10),3.0,3,525,Nitro,7.0,7,687,Nitro,9.2,9,1025,Nitro,,,空,Nitro,,,,,https://arcwiki.mcd.blue/Cocoro*cosmetic
Used to be,KIVΛ,03:06,140,移动版v4.5.0(2023/06/28),4.0,4,537,Luxance,6.5,6,675,Luxance,9.2,9,799,Luxance + Nitro,,,空,Luxance,,,,,https://arcwiki.mcd.blue/Used_to_be
Leave All Behind,rider,02:07,150,移动版v5.6.0(2024/04/26),2.0,2,380,Luxance,5.5,5,488,Luxance,9.2,9,828,Luxance,,,空,Luxance,,,,,https://arcwiki.mcd.blue/Leave_All_Behind
"Sign of ""10.5km""",渡部恭久,02:14,160,移动版v5.8.0(2024/06/27),3.0,3,490,Dec18,6.5,6,564,Dec18,9.2,9,735,Dec18,,,空,Dec18,,,,,https://arcwiki.mcd.blue/Sign_of_%2210.5km%22
qualia -ideaesthesia-,nitro,02:23,144,移动版v1.0.3Beta(2017/02/13),4.5,4,550,-chartaesthesia-,7.0,7,875,-chartaesthesia-,9.1,9,1022,-chartaesthesia-,9.8,9+,1288,moonquay -end of chartaesthesia-,,,,,https://arcwiki.mcd.blue/Qualia_-ideaesthesia-
Essence of Twilight,ak+q,02:31,164,移动版v1.0.5(2017/03/09),4.5,4,556,Nitro,7.0,7,767,Nitro,9.1,9,1204,Nitro,,,空,Nitro,,,,,https://arcwiki.mcd.blue/Essence_of_Twilight
Iconoclast,Yamajet,02:06,140,移动版v1.5.0(2017/11/03),4.0,4,443,Toaster,7.0,7,593,Toaster,9.1,9,795,Toaster,,,空,Toaster,,,,,https://arcwiki.mcd.blue/Iconoclast
Journey,ARForest,02:13,200,移动版v1.5.5(2018/02/01),3.0,3,551,Kurorak,6.0,6,778,Kurorak,9.1,9,997,Kurorak,,,空,Kurorak,,,,,https://arcwiki.mcd.blue/Journey
dropdead,Frums / fn [Beyond],2:17 / 2:37 [Beyond],50 / 500 [Beyond],移动版v1.7.2(2018/08/13),1.5,1,44,"-chartaesthesia-
LIMITER:10%",9.5,9,1323,"-chartaesthesia-
LIMITER:100%",9.1,8+,823,"-chartaesthesia-
LIMITER:25% (OVERDRIVE:+100%)",10.5,10,1503,絶滅 over 夜浪.,,,,,https://arcwiki.mcd.blue/Dropdead
Empire of Winter,Street,02:19,175,移动版v1.8.3(2018/12/23),3.5,3,484,0°Nitro,6.5,6,662,0°Nitro,9.1,9,920,0°Nitro,,,空,0°Nitro,,,,,https://arcwiki.mcd.blue/Empire_of_Winter
ReviXy,ikaruga_nex,02:38,115-185,移动版v2.0.0(2019/03/21),3.0,3,538,Revoke Kurorak,7.0,7,729,Revoke Kurorak,9.1,9,1047,Revoke Kurorak,,,空,Revoke Kurorak,,,,,https://arcwiki.mcd.blue/ReviXy
La'qryma of the Wasteland,DJ Noriken,02:23,168,移动版v2.5.0(2020/1/21),3.5,3,447,Toaster,6.5,6,651,Toaster,9.1,9,956,Toaster,10.0,10,1161,Nitro「The Forsaken」,,,,,https://arcwiki.mcd.blue/La%27qryma_of_the_Wasteland
Faint Light (Arcaea Edit),Taishi,02:37,133,移动版v3.0.3(2020/07/08),3.0,3,587,Nitro,6.0,6,711,Nitro,9.1,9,809,Nitro,,,空,Nitro,,,,,https://arcwiki.mcd.blue/Faint_Light_(Arcaea_Edit)
Alice's Suitcase,Endorfin.,02:31,190,移动版v3.3.0(2020/12/03),3.5,3,644,Kurorak,6.0,6,660,Kurorak,9.1,9,999,Kurorak,,,空,Kurorak,,,,,https://arcwiki.mcd.blue/Alice%27s_Suitcase
Life is PIANO,Junk,02:10,133,移动版v3.5.4(2021/04/09),3.5,3,398,Nitro,6.0,6,437,Nitro,9.1,9,674,Nitro,,,空,Nitro,,,,,https://arcwiki.mcd.blue/Life_is_PIANO
Coastal Highway,Glitch Droids,02:29,110,移动版v3.6.0(2021/05/11),3.0,3,355,Exschwasion,6.0,6,479,Exschwasion,9.1,9,732,Exschwasion,,,空,,,,,,https://arcwiki.mcd.blue/Coastal_Highway
Blue Rose,Cosmograph,02:36,250-295,移动版v3.10.0(2021/12/09),2.0,2,595,CERiNG,6.0,6,669,CERiNG,9.1,9,955,CERiNG,,,空,CERiNG,,,,,https://arcwiki.mcd.blue/Blue_Rose
Prayer,qfeileadh&レゾナンスもえこ,02:31,132,移动版v5.10.6(2024/10/24),2.5,2,419,nora::neko,5.5,5,479,nora::neko,8.2,8,591,nora::neko,,,,,9.1,9,714,nora::neko,https://arcwiki.mcd.blue/Prayer
Flyburg and Endroll,アリスシャッハと魔法の楽団,02:25,180,移动版v1.0.11(2017/05/11),3.0,3,413,N,6.0,6,650,N,9.0,9,930,N-Helix,,,空,N,,,,,https://arcwiki.mcd.blue/Flyburg_and_Endroll
Kanagawa Cyber Culvert,南ゆに,02:29,180,移动版v1.1.0(2017/06/02),1.0,1,375,Nitro,5.5,5,707,Nitro,9.0,9,1111,Nitro,9.8,9+,1121,Exschwas↓on,,,,,https://arcwiki.mcd.blue/Kanagawa_Cyber_Culvert
Jump,Rasmus Faber,02:29,133,移动版v3.3.0(2020/12/03),4.0,4,531,Nitroだー！,6.0,6,622,Nitroだー！,9.0,9,841,Nitroだー！,,,空,Nitroだー！,,,,,https://arcwiki.mcd.blue/Jump
Turbocharger,A/I,02:29,128-170,移动版v3.6.2(2021.6.10),2.5,2,419,Toaster,6.0,6,659,Toaster,9.0,9,979,Toaster,,,空,,,,,,https://arcwiki.mcd.blue/Turbocharger
Galactic Love,La prière,02:42,145,移动版v4.4.6(2023/05/25),3.0,3,513,én,6.5,6,694,én,9.0,9,813,én,,,空,,,,,,https://arcwiki.mcd.blue/Galactic_Love
Lawless Point,La prière,02:37,148,移动版v4.4.6(2023/05/25),3.0,3,476,Luxance,6.0,6,630,Luxance,9.0,9,838,Luxance,,,空,Luxance,,,,,https://arcwiki.mcd.blue/Lawless_Point
Primeval Texture,くるぶっこちゃん,02:13,120,移动版v5.0.0(2023/09/27),3.0,3,387,CERiNG,7.5,7,525,CERiNG,9.0,9,810,CERiNG,,,空,CERiNG,,,,,https://arcwiki.mcd.blue/Primeval_Texture
memoryfactory.lzh,Frums,02:09,100,移动版v1.0.5(2017/03/09),2.5,2,308,Nitro,5.5,5,448,Nitro,8.9,8+,672,Nitro,,,空,Nitro,,,,,https://arcwiki.mcd.blue/Memoryfactory.lzh
Flashback,ARForest,02:02,195,移动版v1.0.11(2017/05/11),2.0,2,356,Nitro,5.0,5,488,Nitro,8.9,8+,856,Nitro,,,空,Nitro,,,,,https://arcwiki.mcd.blue/Flashback
Chronostasis,黒皇帝,02:13,196,移动版v1.0.11(2017/06/12),3.5,3,619,Kurorak,7.5,7,812,Kurorak,8.9,8+,916,Kurorak,,,空,Kurorak,,,,,https://arcwiki.mcd.blue/Chronostasis
Evoltex (poppi'n mix),Arch vs n3pu,01:46,205,移动版v1.1.2(2017/06/23),2.0,2,297,k//eternal,7.0,7,627,k//eternal,8.9,8+,775,k//eternal,,,空,k//eternal,,,,,https://arcwiki.mcd.blue/Evoltex_(poppi%27n_mix)
Maze No.9,アリスシャッハと魔法の楽団,02:25,159,移动版v1.7.0(2018/07/16),3.0,3,494,小東星,3.5,3,445,小東星,8.9,8+,775,小東星,,,空,小東星,,,,,https://arcwiki.mcd.blue/Maze_No.9
MERLIN,REDALiCE,02:09,180,移动版v1.9.0(2019/01/09),3.0,3,315,Got More Taro?,5.5,5,428,Got More Taro?,8.9,8+,712,Got More Taro?,9.4,9,881,EXSCHWASiON,,,,,https://arcwiki.mcd.blue/MERLIN
Chelsea,7mai,02:09,174,移动版v2.3.0(2019/08/22),3.0,3,388,TaroNuke,6.0,6,503,TaroNuke,8.9,8+,650,TaroNuke,,,空,TaroNuke,,,,,https://arcwiki.mcd.blue/Chelsea
Give Me a Nightmare,アリスシャッハと魔法の楽団,02:36,95-190,移动版v3.0.0(2020/05/27),3.5,3,676,CERiNG,5.5,5,817,CERiNG,8.9,8+,948,CERiNG,,,空,CERiNG,,,,,https://arcwiki.mcd.blue/Give_Me_a_Nightmare
Lights of Muse,Ayatsugu_Otowa,01:40,180,移动版v3.11.0(2021/12/24),2.5,2,333,antymis,6.0,6,438,antymis,8.9,8+,580,antymis,,,空,antymis,,,,,https://arcwiki.mcd.blue/Lights_of_Muse
Surrender,void,02:27,152,移动版v1.5.2(2017/11/24),3.0,3,550,Nitro,6.5,6,721,Nitro,8.8,8+,925,Nitro,,,空,Nitro,,,,,https://arcwiki.mcd.blue/Surrender
next to you,uma feat. 橘花音,02:12,165,移动版v1.6.0(2018/03/23),4.5,4,454,Nitro,7.0,7,583,Nitro,8.8,8+,824,Nitro,9.6,9,954,Toastie,,,,,https://arcwiki.mcd.blue/Next_to_you
Solitary Dream,ak+q feat. Sennzai,02:53,162,移动版v1.9.3(2019/03/09),4.0,4,712,　,7.0,7,854,　,8.8,8+,972,　,,,空,,,,,,https://arcwiki.mcd.blue/Solitary_Dream
Antithese,Blacklolita,02:20,172,移动版v2.0.0(2019/03/21),2.0,2,845,chaos//engine,5.0,5,826,chaos//engine,8.8,8+,877,chaos//engine,9.6,9,968,石樂,,,,,https://arcwiki.mcd.blue/Antithese
Vivid Theory,ak+q,02:28,178,移动版v3.0.0(2020/05/27),2.0,2,447,TaroNuke,5.0,5,658,TaroNuke,8.8,8+,885,TaroNuke,,,空,TaroNuke,,,,,https://arcwiki.mcd.blue/Vivid_Theory
Cosmica,Nhato,02:25,110,移动版v3.9.0(2021/11/11),2.5,2,428,Nitro,5.0,5,566,Nitro,8.8,8+,773,Nitro missing Toaster.,,,空,,,,,,https://arcwiki.mcd.blue/Cosmica
Dialnote,七草くりむ,02:01,130,移动版v4.1.6(2022/12/22),3.0,3,393,Nitroです。,6.0,6,548,Nitroです。,8.8,8+,684,Nitroです。,,,空,,,,,,https://arcwiki.mcd.blue/Dialnote
CYCLES,Masayoshi Minoshima feat. 綾倉盟,02:01,135,移动版v4.3.0(2023/03/02),2.0,2,389,Nitro,5.0,5,430,N-Helix,8.8,8+,695,N-Helix,,,空,,,,,,https://arcwiki.mcd.blue/CYCLES
Cosmo Pop Funclub,ナユタン星人,02:20,129,移动版v4.4.0(2023/03/23),2.5,2,352,Nitro NEW!!,6.0,6,591,Nitro NEW!!,8.8,8+,809,Nitro NEW!!,,,空,Nitro NEW!!,,,,,https://arcwiki.mcd.blue/Cosmo_Pop_Funclub
Hidden Rainbows of Epicurus,SYNC.ART'S feat.Misato,02:24,155,移动版v5.7.0(2024/05/30),2.5,2,595,Dec18,5.5,5,644,Dec18,7.5,7,783,Dec18,,,,,8.8,8+,884,Dec18,https://arcwiki.mcd.blue/Hidden_Rainbows_of_Epicurus
Saint or Sinner,crayvxn,02:27,164,移动版v5.10.4(2024/09/26),3.0,3,447,小終点,6.0,6,563,小終点,8.8,8+,906,小終点,,,空,,,,,,https://arcwiki.mcd.blue/Saint_or_Sinner
cry of viyella,Laur,02:07,75-180,移动版v1.0.4Beta(2017/02/16),3.5,3,414,Toaster,6.0,6,492,Toaster,8.7,8+,791,Toaster,,,空,Toaster,,,,,https://arcwiki.mcd.blue/Cry_of_viyella
Call My Name feat. Yukacco,Mameyudoufu,02:28,175,移动版v1.6.6(2018/06/22),3.5,3,591,Kurorak,6.0,6,653,Kurorak,8.7,8+,921,Kuro my Nitro,,,空,Kurorak,,,,,https://arcwiki.mcd.blue/Call_My_Name_feat._Yukacco
Grimheart,Puru,02:30,170,移动版v2.0.0(2019/03/21),2.5,2,728,Toaster,5.0,5,699,Toaster,8.7,8+,959,Toaster,,,空,Toaster,,,,,https://arcwiki.mcd.blue/Grimheart
Senkyou,MYTK,02:31,90,移动版v2.4.5(2019/11/18),3.0,3,627,k//eternal,5.5,5,722,k//eternal,8.7,8+,964,k//eternal,,,空,k//eternal,,,,,https://arcwiki.mcd.blue/Senkyou
Beside You,江口孝宏,01:50,181,移动版v3.3.1(2020/12/09),2.5,2,526,CERiNG,6.0,6,634,CERiNG,8.7,8+,703,CERiNG,,,空,CERiNG,,,,,https://arcwiki.mcd.blue/Beside_You
Paper Witch,Yu-dachi,02:29,130,移动版v3.6.0(2021/05/11),2.0,2,348,CERiNG,5.0,5,487,CERiNG,8.7,8+,793,CERiNG,,,空,CERiNG,,,,,https://arcwiki.mcd.blue/Paper_Witch
"Tsuki ni Murakumo, Hana ni Kaze",幽閉サテライト,02:10,160,移动版v4.2.0(v2023/1/26),3.0,3,468,Lovely Visitor「Toaster」,6.0,6,610,Lovely Visitor「Toaster」,8.7,8+,740,Lovely Visitor「Toaster」,,,空,,,,,,"https://arcwiki.mcd.blue/Tsuki_ni_Murakumo,_Hana_ni_Kaze"
WAIT FOR DAWN,U-ske feat. 棗いつき,02:11,188,移动版v4.7.0(2023/08/18),2.5,2,596,én,7.8,7+,636,én,8.7,8+,861,én,,,空,én,,,,,https://arcwiki.mcd.blue/WAIT_FOR_DAWN
Heartache,Toby Fox,01:58,239,移动版v6.3.0(2025/3/9),1.5,1,425,sidewaves,4.5,4,687,sidewaves,7.5,7,803,sidewaves,,,,,8.7,8+,851,sidewaves,https://arcwiki.mcd.blue/Heartache
Silent Rush,Soleily,02:34,158,移动版v1.6.0(2018/03/23),2.5,2,416,TaroNuke,5.0,5,674,TaroNuke,8.6,8,941,TaroNuke,,,空,TaroNuke,,,,,https://arcwiki.mcd.blue/Silent_Rush
FREEF4LL,YUKIYANAGI,02:32,170,移动版v2.4.0(2019/10/08),4.0,4,589,N↓TRO,7.0,7,782,N↓TRO,8.6,8,1023,N↓TRO,9.8,9+,1336,TO4STER,,,,,https://arcwiki.mcd.blue/FREEF4LL
Gekka (Short Version),Nhato,02:44,132,移动版v3.0.0(2020/05/27),4.0,4,559,Nitro,6.5,6,628,Nitro,8.6,8,817,Nitro,,,空,Nitro,,,,,https://arcwiki.mcd.blue/Gekka_(Short_Version)
April showers,cubesato,02:09,79,移动版v3.4.1(2021/1/8),2.0,2,363,Nitro-100号,5.5,5,544,Nitro-100号,8.6,8,697,Nitro-100号,,,空,Nitro-100号,,,,,https://arcwiki.mcd.blue/April_showers
enchanted love,linear ring,02:12,95,移动版v3.5.1(2021/2/11),2.0,2,436,Toaster,4.5,4,617,Toaster,8.6,8,759,Toaster,,,空,,,,,,https://arcwiki.mcd.blue/Enchanted_love
Babaroque,cYsmix,02:28,136,移动版v1.0.4Beta(2017/02/16),3.0,3,402,Toaster,6.5,6,645,Toaster,8.5,8,808,Toaster,,,空,Toaster,,,,,https://arcwiki.mcd.blue/Babaroque
Dandelion,Farhan,02:38,169,移动版v1.0.9(2017/03/20),2.5,2,391,Nitro,6.0,6,698,Nitro,8.5,8,921,Nitro,,,空,Nitro,,,,,https://arcwiki.mcd.blue/Dandelion
Harutopia ~Utopia of Spring~,A-zu-ra,02:20,185,移动版v1.1.4(2017/08/10),1.0,1,444,トーストピア ~Utopia of Toast~,4.5,4,706,トーストピア ~Utopia of Toast~,8.5,8,1061,トーストピア ~Utopia of Toast~,,,空,トーストピア ~Utopia of Toast~,,,,,https://arcwiki.mcd.blue/Harutopia_~Utopia_of_Spring~
Reinvent,Sound Souler,02:24,174,移动版v1.5.3(2017/12/21),2.5,2,570,k//eternal,6.5,6,703,k//eternal,8.5,8,852,k//eternal + nitro,,,空,k//eternal,,,,,https://arcwiki.mcd.blue/Reinvent
DDD,はがね,01:58,138,移动版v3.12.4(2022/03/23),2.5,2,363,én,6.5,6,484,én,8.5,8,653,én,,,空,én,,,,,https://arcwiki.mcd.blue/DDD
Altair (feat. *spiLa*),kamome sano & you,02:21,170,移动版v4.0.0(2022/07/07),2.5,2,670,antymis,6.0,6,828,antymis,8.5,8,830,antymis,,,空,antymis,,,,,https://arcwiki.mcd.blue/Altair_(feat._*spiLa*)
syūten,"Apo11o""COLLAPSAR""program ft. 大瀬良あい",02:28,76-96,移动版v4.6.0(2023/07/19),2.0,2,395,antymīs,5.0,5,446,antymīs,8.5,8,592,antymīs,,,空,antymīs,,,,,https://arcwiki.mcd.blue/Sy%C5%ABten
Snow White,Puru,02:28,150,移动版v1.0.2Beta(2017/02/07),2.5,2,486,Toaster,5.0,5,672,Toaster,8.4,8,978,Toaster,9.7,9+,1031,én + Nitro,,,,,https://arcwiki.mcd.blue/Snow_White
Lumia,sky_delta,02:03,180,移动版v1.0.5(2017/03/09),2.5,2,469,Nitro,5.5,5,438,Nitro,8.4,8,961,Toaster missing Nitro.,9.5,9,814,Toaster.,,,,,https://arcwiki.mcd.blue/Lumia
REconstruction,Ryazan,01:57,165,移动版v1.1.2(2017/06/23),2.5,2,347,Nitro,6.0,6,469,Nitro,8.4,8,825,Nitro,,,空,Nitro,,,,,https://arcwiki.mcd.blue/REconstruction
Moonheart,翡乃イスカ,02:13,180,移动版v1.1.4(2017/08/10),2.5,2,449,Toaster,5.5,5,566,Toaster,8.4,8,947,Toaster,9.7,9+,1139,Toaster,,,,,https://arcwiki.mcd.blue/Moonheart
Rabbit In The Black Room,Rabbit House,02:12,270,移动版v1.1.6(2017/09/25),2.5,2,373,Toaster,5.5,6,467,Toaster,8.4,8,772,Toaster,,,空,Toaster,,,,,https://arcwiki.mcd.blue/Rabbit_In_The_Black_Room
Purgatorium,お月さま交響曲,02:29,150,移动版v1.7.5(2018/09/17),2.5,2,609,Kurorak,6.0,6,641,Kurorak,8.4,8,983,Kurorak,9.6,9,1051,Toaster,,,,,https://arcwiki.mcd.blue/Purgatorium
Eccentric Tale,Yamajet,02:17,132,移动版v3.3.0(2020/12/03),2.0,2,313,Nitro,5.5,5,483,Nitro,8.4,8,732,Nitro,,,空,Nitro,,,,,https://arcwiki.mcd.blue/Eccentric_Tale
INTERNET OVERDOSE,Aiobahn feat. KOTOKO,01:58,163,移动版v3.12.0(2022/02/17),3.0,3,430,Nitro Ch.,6.5,6,578,Nitro Ch.,8.4,8,657,Nitro Ch.,,,空,Nitro Ch.,,,,,https://arcwiki.mcd.blue/INTERNET_OVERDOSE
Shades of Light in a Transcendent Realm,ak+q,02:30,170,移动版v1.0.4Beta(2017/02/16),3.0,3,517,Nitro,6.0,6,789,Nitro,8.3,8,1067,Nitro,9.1,9,1042,N↑TRO,,,,,https://arcwiki.mcd.blue/Shades_of_Light_in_a_Transcendent_Realm
Bookmaker (2D Version),Kobaryo,02:29,175,移动版v1.7.0(2018/07/16),4.5,4,538,Kurorak,6.5,6,728,Kurorak,8.3,8,1124,Kurorak,10.0,10,1287,Toastmaker,,,,,https://arcwiki.mcd.blue/Bookmaker_(2D_Version)
Dot to Dot feat. shully,Mameyudoufu,02:11,174,移动版v2.0.3(2019/05/02),3.0,3,453,•Nitro•,6.0,6,522,•Nitro•,8.3,8,739,•Nitro•,,,空,•Nitro•,,,,,https://arcwiki.mcd.blue/Dot_to_Dot_feat._shully
Tie me down gently,溝口ゆうま feat. 大瀬良あい,02:19,191,移动版v2.3.0(2019/08/22),3.0,3,581,Kurorak,5.5,5,535,Kurorak,8.3,8,724,Kurorak,,,空,Kurorak,,,,,https://arcwiki.mcd.blue/Tie_me_down_gently
Oblivia,Saiph,02:28,180,移动版v2.6.0(2020/03/25),3.5,3,574,Toaster,5.0,5,517,Toaster,8.3,8,956,Toaster,9.7,9+,1021,Nitro 「The Forgotten」,,,,,https://arcwiki.mcd.blue/Oblivia
Ävril -Flicka i krans-,Rigël Theatre,02:42,130,移动版v3.12.0(2022/02/17),3.0,3,459,Aster -Får i Vaaris-,6.0,6,607,Aster -Får i Vaaris-,8.3,8,851,Aster -Får i Vaaris-,,,空,Aster -Får i Vaaris-,,,,,https://arcwiki.mcd.blue/%C3%84vril_-Flicka_i_krans-
san skia,ユアミトス,02:47,170,移动版v3.12.10(2022/5/25),3.5,3,670,CERiNG,6.0,6,783,CERiNG,8.3,8,1046,CERiNG,,,空,CERiNG,,,,,https://arcwiki.mcd.blue/San_skia
Lucifer,chitose,02:13,165,移动版v1.0.2Beta(2017/02/07),3.5,3,424,Nitro,5.5,5,506,Nitro,8.2,8,861,Nitro,,,空,Nitro,,,,,https://arcwiki.mcd.blue/Lucifer
Genesis,Iris,02:13,132,移动版v1.1.4(2017/08/10),2.0,2,275,Haruba,5.5,5,399,Haruba,8.2,8,713,Haruba,,,空,Haruba,,,,,https://arcwiki.mcd.blue/Genesis_(Iris)
One Last Drive,REDSHiFT,02:24,154-175,移动版v1.5.0(2017/11/03),2.5,2,604,Toaster,5.5,5,564,Toaster,8.2,8,885,Toaster,,,空,Toaster,,,,,https://arcwiki.mcd.blue/One_Last_Drive
Hall of Mirrors,Sta,02:33,147,移动版v1.8.0(2018/10/07),3.0,3,535,Toaster,5.5,5,553,Toaster,8.2,8,898,Toaster,,,空,Toaster,,,,,https://arcwiki.mcd.blue/Hall_of_Mirrors
1F√,WHITEFISTS,02:20,130,移动版v3.0.0(2020/05/27),2.5,2,411,Nitro,6.5,6,539,Nitro,8.2,8,758,Nitro,,,空,Nitro,,,,,https://arcwiki.mcd.blue/1F%E2%88%9A
blue comet,ああああ,02:24,100-172,移动版v3.8.2(2021/08/24),3.5,3,494,Toaster,5.0,5,645,Toaster,8.2,8,776,Toaster,,,空,Toaster,,,,,https://arcwiki.mcd.blue/Blue_comet
I've heard it said,Combatplayer,02:06,165,移动版v1.0.4Beta(2017/02/16),3.5,3,510,Toaster,6.0,6,664,Toaster,8.1,8,864,Toaster,,,空,Toaster,,,,,https://arcwiki.mcd.blue/I%27ve_heard_it_said
Hikari,THB,02:18,130,移动版v1.8.0(2018/10/07),2.5,2,237,OptoNuke,6.0,6,450,OptoNuke,8.1,8,684,OptoNuke,,,空,OptoNuke,,,,,https://arcwiki.mcd.blue/Hikari
Diode,Kolaa,02:20,132,移动版v2.4.0(2019/10/08),2.5,2,452,Kurorak,5.5,5,472,Kurorak,8.1,8,709,Kurorak,,,空,Kurorak,,,,,https://arcwiki.mcd.blue/Diode
Bullet Waiting for Me (James Landino remix),Nikki Simmons,02:30,107,移动版v4.5.0(2023/06/28),2.5,2,325,CERiNG,4.5,4,390,CERiNG,8.1,8,701,CERiNG,,,空,CERiNG,,,,,https://arcwiki.mcd.blue/Bullet_Waiting_for_Me_(James_Landino_remix)
Relentless,Akira Complex,02:17,174,移动版v1.0.5(2017/03/09),4.5,4,607,Nitro,6.5,6,722,Nitro,8.0,8,1015,Nitro,,,空,Nitro,,,,,https://arcwiki.mcd.blue/Relentless
world.execute(me);,Mili,02:31,130,移动版v2.5.2(2020/02/21),3.5,3,452,toaster.chart(this);,5.0,5,582,toaster.chart(this);,8.0,8,851,toaster.chart(this);,,,空,toaster.chart(this);,,,,,https://arcwiki.mcd.blue/World.execute(me);
Prism,bermei.inazawa ft. Chata,02:56,107-109,移动版v3.12.8(2022/04/28),2.0,2,476,CERiNG,5.0,5,544,CERiNG,8.0,8,785,CERiNG,,,空,,,,,,https://arcwiki.mcd.blue/Prism
Rise,Combatplayer,02:21,140,移动版v1.0.1Beta(2017/01/30),2.5,2,322,Nitro,4.0,4,599,Nitro,7.8,7+,788,Nitro,,,空,,,,,,https://arcwiki.mcd.blue/Rise
Dement ~after legend~,Cosmograph,02:09,210,移动版v1.0.9(2017/03/20),3.5,3,548,Toaster,6.0,6,756,Toaster,7.8,7+,970,Toaster,9.9,9+,1040,Nitro ~ABYSS~,,,,,https://arcwiki.mcd.blue/Dement_~after_legend~
Infinity Heaven,HyuN,02:34,160,移动版v1.0.10(2017/04/12),1.5,1,336,Nitro,5.5,5,545,Nitro,7.8,7+,853,Nitro,9.6,9,986,Nitr∞,,,,,https://arcwiki.mcd.blue/Infinity_Heaven
Brand new world,U-ske,02:24,160,移动版v1.0.11(2017/05/11),2.0,2,322,Nitro 2.0,4.0,4,432,Nitro 2.0,7.8,7+,787,Nitro 2.0,,,空,Nitro 2.0,,,,,https://arcwiki.mcd.blue/Brand_new_world
Paradise,Sound Souler,02:28,126,移动版v1.0.11(2017/05/11),1.0,1,253,Nitro,4.0,4,349,Nitro,7.8,7+,729,Nitro,,,空,Nitro,,,,,https://arcwiki.mcd.blue/Paradise
Clotho and the stargazer,しーけー,02:19,230,移动版v1.1.2(2017/06/23),2.0,2,519,小東星,5.0,5,745,小東星,7.8,7+,1021,小東星,,,,,8.8,8+,1031,eién,https://arcwiki.mcd.blue/Clotho_and_the_stargazer
Moonlight of Sand Castle,旅人E,2:27,160,移动版v1.1.2(2017/06/23),1.5,1,418,Kurorak,5.0,5,394,Kurorak,7.8,7+,645,Kurorak,,,空,Kurorak,,,,,https://arcwiki.mcd.blue/Moonlight_of_Sand_Castle
Romance Wars,U-ske (feat. lueur),02:06,187,移动版v1.1.4(2017/08/10),1.0,1,423,Kurorak,4.0,4,378,Kurorak,7.8,7+,641,Kurorak,,,空,Kurorak,,,,,https://arcwiki.mcd.blue/Romance_Wars
Dream goes on,Tiny Minim,02:25,174,移动版v1.5.5(2018/02/01),1.5,1,532,k//eternal,5.0,5,751,k//eternal,7.8,7+,719,k//eternal,,,空,k//eternal,,,,,https://arcwiki.mcd.blue/Dream_goes_on
inkar-usi,DIA,02:23,102,移动版v1.6.6(2018/06/22),2.0,2,276,Kurorak,4.0,4,326,Kurorak,7.8,7+,463,Kurorak,9.4,9,857,CERiNG,,,,,https://arcwiki.mcd.blue/Inkar-usi
Suomi,Aire,02:08,125,移动版v1.7.0(2018/07/16),2.0,2,368,Toastie,5.0,5,550,Toastie,7.8,7+,818,Toastie,,,,,8.9,8+,732,CERiNG,https://arcwiki.mcd.blue/Suomi
First Snow,黒魔,02:40,88,移动版v3.10.0(2021/12/09),2.5,2,366,Nitro,4.5,4,442,Nitro,7.8,7+,578,Nitro,,,空,Nitro,,,,,https://arcwiki.mcd.blue/First_Snow
Sayonara Hatsukoi,REDSHiFT,01:55,178,移动版v1.0.1Beta(2017/01/30),1.5,1,205,Nitro,4.5,4,305,Nitro,7.0,7,666,Toaster,,,,,8.5,8,728,Luxance + Exschwasion,https://arcwiki.mcd.blue/Sayonara_Hatsukoi
Fairytale,chitose,02:10,189,移动版v1.0.1Beta(2017/01/30),1.0,1,336,Toaster,3.5,3,511,Toaster,7.0,7,782,Toaster,9.5,9,932,Nitro in Wonderland,,,,,https://arcwiki.mcd.blue/Fairytale
Vexaria,ak+q,02:12,180,移动版v1.0.2Beta(2017/02/07),2.5,2,369,Nitro,5.0,5,534,Nitro,7.0,7,734,Nitro,9.0,9,785,石樂,,,,,https://arcwiki.mcd.blue/Vexaria
Blossoms,T2Kazuya,02:25,138,移动版v1.1.4(2017/08/10),1.0,1,275,Nitro,4.0,4,383,Nitro,7.0,7,655,Nitro,,,空,Nitro,"

",,,,https://arcwiki.mcd.blue/Blossoms
